site_id,timestamp_utc,tech,ba_code,horizon_h,ghi_wm2,temp_c,cloud_pct,wind_ms_80,y_physics_mw,q10_mw,q50_mw,q90_mw,capacity_mw,capacity_factor,demand_forecast_mw,demand_mw,res10_mw,res50_mw,res90_mw
CA_SOLAR_STAR,2026-09-12 15:00:00+00:00,solar,CISO,0,303.231113721214,24.1,0.8,4.442790228613381,222.7603017729164,191.01250307207104,202.98468004743737,218.17910637125797,579.0,0.35057803117001274,31575.42362767876,31773.399737256244,-31.74779870084535,-19.775621725479027,-4.5811954016584195
CA_SOLAR_STAR,2026-09-12 16:00:00+00:00,solar,CISO,1,507.46693142154777,28.1,0.0,5.250570270179451,368.66470216043234,345.01175748944826,345.1900001868861,368.28064904537706,579.0,0.5961830745887498,35640.57719377888,34869.32011934459,-23.652944670984084,-23.474701973546246,-0.3840531150552806
CA_SOLAR_STAR,2026-09-12 17:00:00+00:00,solar,CISO,2,679.9705362636813,30.6,0.0,6.731500346383912,481.1865437489533,464.8063202484778,469.1245633837836,491.37152982818554,579.0,0.8102324065350321,37230.55716831908,35658.33036789552,-16.380223500475495,-12.061980365169688,10.18498607923226
CA_SOLAR_STAR,2026-09-12 18:00:00+00:00,solar,CISO,3,808.9674924813233,32.1,0.0,7.808540401805337,559.3861403279395,510.8306866466757,522.2771589351465,566.8144339799716,579.0,0.9020330896980078,36294.40665697791,34153.29740629967,-48.55545368126383,-37.108981392793,7.428293652032039
CA_SOLAR_STAR,2026-09-12 19:00:00+00:00,solar,CISO,4,885.6475286618104,32.9,2.3,8.750950450299085,579.0,525.736117041917,539.8852352192856,579.0,579.0,0.9324442749901306,31453.71770370674,33287.00527682851,-53.263882958082945,-39.11476478071438,0.0
CA_SOLAR_STAR,2026-09-12 20:00:00+00:00,solar,CISO,5,904.7741995476274,33.4,0.0,9.693360498792831,579.0,522.8651276455864,535.3330329402036,579.0,579.0,0.9245820948880891,32469.419322696893,31495.89343278802,-56.134872354413574,-43.666967059796434,0.0
CA_SOLAR_STAR,2026-09-12 21:00:00+00:00,solar,CISO,6,865.0245558299241,33.8,0.0,10.366510533431224,579.0,522.8651276455864,535.3330329402036,577.7214321155515,579.0,0.9245820948880891,30821.73792589044,30328.07577210102,-56.134872354413574,-43.666967059796434,-1.2785678844485346
CA_SOLAR_STAR,2026-09-12 22:00:00+00:00,solar,CISO,7,769.0970062458799,33.6,0.0,10.905030561141936,531.4470957096665,476.61948857375376,488.56468283681676,534.4671255711504,579.0,0.8438077423779219,27790.001944116044,27881.59653825329,-54.827607135912785,-42.882412872849784,3.020029861483863
CA_SOLAR_STAR,2026-09-12 23:00:00+00:00,solar,CISO,8,623.518670306612,32.9,0.0,11.308920581924973,440.0336956920375,407.2298876912464,417.88163679459615,445.10599646837255,579.0,0.7217299426504251,25138.99367204032,26057.069508424,-32.80380800079109,-22.15205889744135,5.072300776335055
CA_SOLAR_STAR,2026-09-13 00:00:00+00:00,solar,CISO,9,438.4415174318804,31.6,0.0,10.63577054728658,315.4128249956407,260.3964669438717,276.01676858094066,301.49424235644017,579.0,0.47671289910352443,23042.208687053306,22071.04726139733,-55.016358051768975,-39.39605641470001,-13.918582639200508
CA_SOLAR_STAR,2026-09-13 01:00:00+00:00,solar,CISO,10,225.89364209645564,30.0,0.0,9.558730491865154,159.45051204296,115.05952965664616,129.3452264795044,157.13048709401485,579.0,0.22339417353973123,20906.44373666695,21872.344624303856,-44.39098238631385,-30.105285563455624,-2.3200249489451608
CA_SOLAR_STAR,2026-09-13 02:00:00+00:00,solar,CISO,11,0.0,27.8,0.0,9.15484047108212,0.0,0.0,0.0,0.0,579.0,0.0,20346.582219782224,19950.69868427704,0.0,0.0,0.0
CA_SOLAR_STAR,2026-09-13 03:00:00+00:00,solar,CISO,12,0.0,26.1,0.0,7.404650381022303,0.0,0.0,0.0,0.0,579.0,0.0,20382.30439338924,19494.05057384371,0.0,0.0,0.0
CA_SOLAR_STAR,2026-09-13 04:00:00+00:00,solar,CISO,13,0.0,24.7,0.0,4.8466802493964165,0.0,0.0,0.0,0.0,579.0,0.0,17957.49856452494,19022.540656962832,0.0,0.0,0.0
CA_SOLAR_STAR,2026-09-13 05:00:00+00:00,solar,CISO,14,0.0,23.3,0.0,4.308160221685704,0.0,0.0,0.0,0.0,579.0,0.0,19500.74804045725,19709.433979620426,0.0,0.0,0.0
CA_SOLAR_STAR,2026-09-13 06:00:00+00:00,solar,CISO,15,0.0,22.2,0.0,4.308160221685704,0.0,0.0,0.0,0.0,579.0,0.0,21527.87369206024,22561.70963088378,0.0,0.0,0.0
CA_SOLAR_STAR,2026-09-13 07:00:00+00:00,solar,CISO,16,0.0,21.6,0.0,4.712050242468738,0.0,0.0,0.0,0.0,579.0,0.0,25376.65691612543,25161.72810728019,0.0,0.0,0.0
CA_SOLAR_STAR,2026-09-13 08:00:00+00:00,solar,CISO,17,0.0,21.4,0.0,5.3852002771071295,0.0,0.0,0.0,0.0,579.0,0.0,27316.317062057296,25941.344612259934,0.0,0.0,0.0
CA_SOLAR_STAR,2026-09-13 09:00:00+00:00,solar,CISO,18,0.0,21.5,0.0,6.462240332528555,0.0,0.0,0.0,0.0,579.0,0.0,28032.064977867358,26178.02076648388,0.0,0.0,0.0
CA_SOLAR_STAR,2026-09-13 10:00:00+00:00,solar,CISO,19,0.0,20.6,0.0,7.135390367166946,0.0,0.0,0.0,0.0,579.0,0.0,24909.018925029784,26562.08379398033,0.0,0.0,0.0
CA_SOLAR_STAR,2026-09-13 11:00:00+00:00,solar,CISO,20,0.0,19.3,0.0,7.53928038794998,0.0,0.0,0.0,0.0,579.0,0.0,25125.39256891821,25641.37956799596,0.0,0.0,0.0
CA_SOLAR_STAR,2026-09-13 12:00:00+00:00,solar,CISO,21,0.0,18.3,0.0,7.943170408733017,0.0,0.0,0.0,0.0,579.0,0.0,25927.605224288654,25304.50510996379,0.0,0.0,0.0
CA_SOLAR_STAR,2026-09-13 13:00:00+00:00,solar,CISO,22,0.0,17.7,0.0,7.943170408733017,0.0,0.0,0.0,0.0,579.0,0.0,28082.29849478698,26611.2790707332,0.0,0.0,0.0
CA_SOLAR_STAR,2026-09-13 14:00:00+00:00,solar,CISO,23,78.585662892647,17.6,0.0,8.077800415660693,46.19715280011913,23.052566750705495,25.249855788798815,50.73695273683744,579.0,0.043609422778581715,27190.557005718376,26795.52735872923,-23.144586049413633,-20.947297011320313,4.53979993671831
CA_SOLAR_STAR,2026-09-13 15:00:00+00:00,solar,CISO,24,300.7747016004635,19.9,0.0,7.53928038794998,226.5489797957763,194.76253286676538,210.47765472504662,226.24742140739878,579.0,0.3635192655009441,27076.787449274616,27802.86824814837,-31.786446929010907,-16.07132507072967,-0.30155838837751503
CA_SOLAR_STAR,2026-09-13 16:00:00+00:00,solar,CISO,25,505.0637091694325,23.5,0.0,7.943170408733017,375.8373211209341,352.37673741407286,353.91033246200936,375.90038411789914,579.0,0.6112440975164237,30613.255950389463,30298.167046408333,-23.460583706861257,-21.926988658924756,0.06306299696501583
CA_SOLAR_STAR,2026-09-13 17:00:00+00:00,solar,CISO,26,677.5115586064735,26.5,0.0,7.808540401805337,489.8053827067213,477.0682662515306,480.7951538662024,500.91305766940997,579.0,0.8303888667810059,31310.88349799863,31329.10676326333,-12.737116455190687,-9.010228840518892,11.10767496268869
CA_SOLAR_STAR,2026-09-13 18:00:00+00:00,solar,CISO,27,806.3476646978892,28.9,0.0,8.34706042951605,567.3430792837289,522.8514734224889,534.7410343592952,575.8404119257583,579.0,0.9235596448347068,30373.67872945056,30591.82676036714,-44.49160586124003,-32.6020449244337,8.497332642029392
CA_SOLAR_STAR,2026-09-13 19:00:00+00:00,solar,CISO,28,882.7746202618847,30.4,0.0,9.2894704780098,579.0,530.5862502283713,543.0846047380085,579.0,579.0,0.9379699563696173,28946.85563963726,29710.611121242968,-48.41374977162866,-35.915395261991534,0.0
CA_SOLAR_STAR,2026-09-13 20:00:00+00:00,solar,CISO,29,901.5681386855244,31.2,0.0,9.82799050572051,579.0,526.3912431517662,540.3953500668614,579.0,579.0,0.9333253023607277,29735.912211600305,29338.2587690263,-52.60875684823384,-38.6046499331386,0.0
CA_SOLAR_STAR,2026-09-13 21:00:00+00:00,solar,CISO,30,861.4333892153346,31.2,0.0,10.097250519575868,579.0,526.3912431517662,540.3953500668614,577.9491356805496,579.0,0.9333253023607277,28483.883663216115,28180.2196211409,-52.60875684823384,-38.6046499331386,-1.0508643194503975
CA_SOLAR_STAR,2026-09-13 22:00:00+00:00,solar,CISO,31,765.0934201202567,30.9,0.0,10.231880526503543,536.9486237027272,485.30008856199436,499.17341518173305,540.1963571292093,579.0,0.862130250745653,25601.261675683527,25684.85159880804,-51.64853514073286,-37.77520852099417,3.247733426482114
CA_SOLAR_STAR,2026-09-13 23:00:00+00:00,solar,CISO,32,619.1036313438879,30.3,0.0,9.693360498792831,443.7594818437404,410.90409825830665,424.139413503934,448.559589418437,579.0,0.7325378471570535,23202.71898145921,23384.158488552854,-32.85538358543374,-19.62006833980638,4.800107574696597
CA_SOLAR_STAR,2026-09-14 00:00:00+00:00,solar,CISO,33,433.6427233227515,28.9,0.0,9.424100484937476,317.362692671426,263.38440615445035,279.12236841024355,305.6179611509989,579.0,0.48207662937865897,25324.714494797707,26517.250400357632,-53.97828651697563,-38.24032426118242,-11.74473152042708
CA_SOLAR_STAR,2026-09-14 01:00:00+00:00,solar,CISO,34,220.7671327542944,26.8,0.0,9.15484047108212,159.49410054411018,113.71490240260596,129.4105804573923,157.17407559516502,579.0,0.22350704742209382,24199.79198311362,24618.70756319295,-45.779198141504224,-30.08352008671787,-2.3200249489451608
CA_SOLAR_STAR,2026-09-14 02:00:00+00:00,solar,CISO,35,0.0,24.0,0.0,8.212430422588373,0.0,0.0,0.0,0.0,579.0,0.0,23617.52612852836,22660.662902630225,0.0,0.0,0.0
CA_SOLAR_STAR,2026-09-14 03:00:00+00:00,solar,CISO,36,0.0,22.4,0.0,7.808540401805337,0.0,0.0,0.0,0.0,579.0,0.0,22030.11286008573,22178.030096542912,0.0,0.0,0.0
CA_SOLAR_STAR,2026-09-14 04:00:00+00:00,solar,CISO,37,0.0,21.5,0.0,8.077800415660693,0.0,0.0,0.0,0.0,579.0,0.0,21227.26186223807,22353.64895711665,0.0,0.0,0.0
CA_SOLAR_STAR,2026-09-14 05:00:00+00:00,solar,CISO,38,0.0,20.8,0.0,7.808540401805337,0.0,0.0,0.0,0.0,579.0,0.0,23827.435222803968,22764.220941605792,0.0,0.0,0.0
CA_SOLAR_STAR,2026-09-14 06:00:00+00:00,solar,CISO,39,0.0,20.1,0.0,7.67391039487766,0.0,0.0,0.0,0.0,579.0,0.0,25811.72516534092,25341.406667802727,0.0,0.0,0.0
CA_SOLAR_STAR,2026-09-14 07:00:00+00:00,solar,CISO,40,0.0,19.6,0.0,7.67391039487766,0.0,0.0,0.0,0.0,579.0,0.0,30918.70344946085,28794.181063468342,0.0,0.0,0.0
CA_SOLAR_STAR,2026-09-14 08:00:00+00:00,solar,CISO,41,0.0,19.0,0.0,7.67391039487766,0.0,0.0,0.0,0.0,579.0,0.0,30292.988146647665,30226.85402897433,0.0,0.0,0.0
CA_SOLAR_STAR,2026-09-14 09:00:00+00:00,solar,CISO,42,0.0,18.2,0.0,7.808540401805337,0.0,0.0,0.0,0.0,579.0,0.0,30450.81891346927,30950.623832664005,0.0,0.0,0.0
CA_SOLAR_STAR,2026-09-14 10:00:00+00:00,solar,CISO,43,0.0,17.4,0.0,7.943170408733017,0.0,0.0,0.0,0.0,579.0,0.0,27893.572203437096,29382.301877726048,0.0,0.0,0.0
CA_SOLAR_STAR,2026-09-14 11:00:00+00:00,solar,CISO,44,0.0,16.5,0.0,7.404650381022303,0.0,0.0,0.0,0.0,579.0,0.0,31037.034076871,29662.635357356143,0.0,0.0,0.0
CA_SOLAR_STAR,2026-09-14 12:00:00+00:00,solar,CISO,45,0.0,15.7,0.0,7.135390367166946,0.0,0.0,0.0,0.0,579.0,0.0,32174.77030888769,29519.955055642444,0.0,0.0,0.0
CA_SOLAR_STAR,2026-09-14 13:00:00+00:00,solar,CISO,46,0.0,15.2,0.0,7.000760360239268,0.0,0.0,0.0,0.0,579.0,0.0,28706.70904277624,29555.93142766701,0.0,0.0,0.0
CA_SOLAR_STAR,2026-09-14 14:00:00+00:00,solar,CISO,47,75.9588178777657,15.0,0.0,6.731500346383912,46.60329334021388,20.052834851176335,23.232461709857848,52.38362873226545,579.0,0.040125149757958285,30873.78721991687,31589.222050272896,-26.550458489037545,-23.370831630356033,5.780335392051569
CA_SOLAR_STAR,2026-09-14 15:00:00+00:00,solar,CISO,48,298.2966295248449,17.9,0.0,5.923720304817843,228.3919780980657,191.42536679948518,212.55764597184606,229.4935435932594,579.0,0.3671116510740001,34610.32843372213,33902.89011715576,-36.96661129858052,-15.834332126219635,1.1015654951937108
CA_SOLAR_STAR,2026-09-14 16:00:00+00:00,solar,CISO,49,502.6293483203852,21.9,0.0,4.981310256324095,378.39672046917167,348.7340498988651,354.6164408782734,380.62946952339894,579.0,0.612463628459885,34319.524957788184,35346.77615611139,-29.662670570306545,-23.78027959089826,2.23274905422727
CA_SOLAR_STAR,2026-09-14 17:00:00+00:00,solar,CISO,50,675.0128923424163,24.7,0.0,3.6350101870473126,493.6122425504784,475.6886561641368,482.3099205268075,504.8286042171037,579.0,0.8330050440877504,37436.76159323566,37794.659742973614,-17.92358638634164,-11.30232202367091,11.21636166662529
CA_SOLAR_STAR,2026-09-14 18:00:00+00:00,solar,CISO,51,803.681137339985,27.0,0.0,2.827230145481243,572.031623970322,522.2341989630801,539.5808461102243,579.0,579.0,0.9319185597758625,36610.91369117491,37064.74628616537,-49.79742500724194,-32.45077786009767,6.968376029677984
CA_SOLAR_STAR,2026-09-14 19:00:00+00:00,solar,CISO,52,879.8482407062047,29.3,0.0,3.2311201662642777,579.0,525.5804023357503,542.1239542877909,579.0,579.0,0.9363108018787407,36369.00870598588,36126.29200743514,-53.41959766424975,-36.876045712209134,0.0
CA_SOLAR_STAR,2026-09-14 20:00:00+00:00,solar,CISO,53,898.3077844385188,31.3,0.0,4.442790228613381,579.0,520.769252736517,539.4346996166438,579.0,579.0,0.9316661478698511,35945.08826353656,34618.55223217022,-58.230747263482954,-39.5653003833562,0.0
CA_SOLAR_STAR,2026-09-14 21:00:00+00:00,solar,CISO,54,857.787878833873,32.3,0.0,6.058350311745521,579.0,518.8350656749501,540.1224967786632,578.5051376758307,579.0,0.9328540531583129,33342.632485649214,33316.899657123155,-60.1649343250499,-38.87750322133684,-0.4948623241692758
CA_SOLAR_STAR,2026-09-14 22:00:00+00:00,solar,CISO,55,761.0380069240974,32.1,0.0,7.808540401805337,533.1899001944894,476.9362438240837,495.26874520339913,537.4257020721401,579.0,0.8553864338573387,30869.64700834537,29907.75807891509,-56.25365637040568,-37.92115499109025,4.235801877650715
CA_SOLAR_STAR,2026-09-14 23:00:00+00:00,solar,CISO,56,614.6416799129564,31.5,0.0,8.34706042951605,440.230784458291,403.014776002638,420.6107161184846,446.59470697279306,579.0,0.7264433784429786,28373.624170125677,28796.825524853917,-37.216008455653025,-19.62006833980638,6.363922514502065
CA_SOLAR_STAR,2026-09-15 00:00:00+00:00,solar,CISO,57,428.8038753093496,30.2,0.0,9.020210464154442,314.04539507472094,253.83972807568705,274.3072523753735,301.600443491117,579.0,0.4737603667968454,27558.429337991696,27245.8392209503,-60.205666999033895,-39.73814269934746,-12.444951583603938
CA_SOLAR_STAR,2026-09-15 01:00:00+00:00,solar,CISO,58,215.6091719020673,28.3,0.0,8.885580457226762,156.5466199013576,105.71243618072276,125.96163561919614,153.14392142956953,579.0,0.217550320585831,22215.2786169958,24012.30931545199,-50.834183720634826,-30.584984282161443,-3.4026984717880566
CA_SOLAR_STAR,2026-09-15 02:00:00+00:00,solar,CISO,59,0.0,26.0,0.0,8.481690436443728,0.0,0.0,0.0,0.0,579.0,0.0,22334.130019671724,23528.140377613592,0.0,0.0,0.0
CA_SOLAR_STAR,2026-09-15 03:00:00+00:00,solar,CISO,60,0.0,24.2,0.0,7.000760360239268,0.0,0.0,0.0,0.0,579.0,0.0,22887.32612187964,22267.03403515684,0.0,0.0,0.0
CA_SOLAR_STAR,2026-09-15 04:00:00+00:00,solar,CISO,61,0.0,22.7,0.0,5.923720304817843,0.0,0.0,0.0,0.0,579.0,0.0,22131.434158674,22598.20526260353,0.0,0.0,0.0
CA_SOLAR_STAR,2026-09-15 05:00:00+00:00,solar,CISO,62,0.0,21.4,0.0,4.981310256324095,0.0,0.0,0.0,0.0,579.0,0.0,23512.301191232527,23044.56513823159,0.0,0.0,0.0
CA_SOLAR_STAR,2026-09-15 06:00:00+00:00,solar,CISO,63,0.0,20.2,0.0,4.442790228613381,0.0,0.0,0.0,0.0,579.0,0.0,26634.708068653155,26138.54493013068,0.0,0.0,0.0
CA_SOLAR_STAR,2026-09-15 07:00:00+00:00,solar,CISO,64,0.0,19.58333333333333,1.0333333333333334,4.465228563101328,0.0,0.0,0.0,0.0,579.0,0.0,30642.89053554465,29287.473299132995,0.0,0.0,0.0
CA_SOLAR_STAR,2026-09-15 08:00:00+00:00,solar,CISO,65,0.0,18.966666666666665,2.066666666666667,4.487666897589274,0.0,0.0,0.0,0.0,579.0,0.0,30995.520948818456,30139.115947186045,0.0,0.0,0.0
CA_SOLAR_STAR,2026-09-15 09:00:00+00:00,solar,CISO,66,0.0,18.35,3.1000000000000005,4.510105232077221,0.0,0.0,0.0,0.0,579.0,0.0,32443.807909982,31328.67326952635,0.0,0.0,0.0
CA_SOLAR_STAR,2026-09-15 10:00:00+00:00,solar,CISO,67,0.0,17.733333333333334,4.133333333333334,4.532543566565168,0.0,0.0,0.0,0.0,579.0,0.0,30727.046031137183,30847.613824061384,0.0,0.0,0.0
CA_SOLAR_STAR,2026-09-15 11:00:00+00:00,solar,CISO,68,0.0,17.116666666666667,5.166666666666667,4.554981901053114,0.0,0.0,0.0,0.0,579.0,0.0,30401.985894217185,31163.624285239708,0.0,0.0,0.0
CA_SOLAR_STAR,2026-09-15 12:00:00+00:00,solar,CISO,69,0.0,16.5,6.2,4.57742023554106,0.0,0.0,0.0,0.0,579.0,0.0,29697.70083390112,30478.078539842303,0.0,0.0,0.0
CA_SOLAR_STAR,2026-09-15 13:00:00+00:00,solar,CISO,70,0.0,16.5,6.2,4.57742023554106,0.0,0.0,0.0,0.0,579.0,0.0,31543.57968086702,32091.756231537907,0.0,0.0,0.0
CA_SOLAR_STAR,2026-09-15 14:00:00+00:00,solar,CISO,71,73.31548182116724,16.5,6.2,4.57742023554106,46.30006497451667,18.677766311842163,22.431692544789094,51.07273910155184,579.0,0.038742128747476845,31421.805840700246,32715.50853134632,-27.62229866267451,-23.86837242972758,4.772674127035167
CA_SOLAR_TOPAZ,2026-09-12 15:00:00+00:00,solar,CISO,0,277.3909352780698,20.0,0.0,2.0194501039151733,191.91999803745196,166.6206454860528,178.51214886841268,193.0074584210227,550.0,0.32456754339711397,31575.42362767876,31773.399737256244,-25.299352551399153,-13.407849169039281,1.0874603835707433
CA_SOLAR_TOPAZ,2026-09-12 16:00:00+00:00,solar,CISO,1,482.9123984175266,23.4,0.8,2.28871011777053,333.57979196311175,305.0932184663989,314.75663462265527,324.61773269093425,550.0,0.5722847902230096,35640.57719377888,34869.32011934459,-28.486573496712822,-18.823157340456476,-8.962059272177498
CA_SOLAR_TOPAZ,2026-09-12 17:00:00+00:00,solar,CISO,2,658.417895730378,26.0,0.0,2.5579701316258863,443.65844403793534,421.98985094298416,431.74399524326054,452.3409908206721,550.0,0.7849890822604737,37230.55716831908,35658.33036789552,-21.668593094951177,-11.914448794674797,8.682546782736779
CA_SOLAR_TOPAZ,2026-09-12 18:00:00+00:00,solar,CISO,3,791.928117155971,28.5,0.0,3.76964019397499,519.3579532737483,479.08377824529487,488.53949103760056,528.1692062822497,550.0,0.8882536200683646,36294.40665697791,34153.29740629967,-40.27417502845344,-30.818462236147752,8.811253008501353
CA_SOLAR_TOPAZ,2026-09-12 19:00:00+00:00,solar,CISO,4,874.3267684540918,30.4,0.0,4.442790228613381,550.0,496.08953467489135,508.72601934558577,550.0,550.0,0.9249563988101559,31453.71770370674,33287.00527682851,-53.910465325108646,-41.27398065441423,0.0
CA_SOLAR_TOPAZ,2026-09-12 20:00:00+00:00,solar,CISO,5,899.9821306109009,31.7,0.0,5.3852002771071295,550.0,492.40987152271487,504.0120672785347,549.5486403665101,550.0,0.9163855768700631,32469.419322696893,31495.89343278802,-57.590128477285134,-45.98793272146531,-0.4513596334899148
CA_SOLAR_TOPAZ,2026-09-12 21:00:00+00:00,solar,CISO,6,867.1312118900822,32.2,0.0,6.462240332528555,550.0,492.40987152271487,504.5096080779062,548.5239507955495,550.0,0.917290196505284,30821.73792589044,30328.07577210102,-57.590128477285134,-45.490391922093806,-1.4760492044505327
CA_SOLAR_TOPAZ,2026-09-12 22:00:00+00:00,solar,CISO,7,778.0001039960545,31.8,0.0,7.53928038794998,504.0580999088695,465.19330790654436,472.06387987142494,507.91887182180744,550.0,0.8582979634025908,27790.001944116044,27881.59653825329,-38.864792002325146,-31.994220037444563,3.8607719129379348
CA_SOLAR_TOPAZ,2026-09-12 23:00:00+00:00,solar,CISO,8,638.6523526958586,31.0,0.0,8.34706042951605,422.5492821965677,393.4319018953027,401.1415643336669,426.460924366247,550.0,0.7293482987884853,25138.99367204032,26057.069508424,-29.117380301264973,-21.407717862900768,3.9116421696793395
CA_SOLAR_TOPAZ,2026-09-13 00:00:00+00:00,solar,CISO,9,458.8260413323946,29.4,0.0,9.020210464154442,310.08189475675164,255.1833216019914,268.4791312421187,295.9527533374742,550.0,0.48814387498567036,23042.208687053306,22071.04726139733,-54.89857315476024,-41.602763514632954,-14.12914141927746
CA_SOLAR_TOPAZ,2026-09-13 01:00:00+00:00,solar,CISO,10,250.1716772900713,27.5,0.0,8.616320443371407,167.57529271521443,120.09815772609787,135.1114125936125,165.45097971621448,550.0,0.24565711380656818,20906.44373666695,21872.344624303856,-47.477134989116564,-32.46388012160193,-2.1243129989999545
CA_SOLAR_TOPAZ,2026-09-13 02:00:00+00:00,solar,CISO,11,0.0,24.8,0.0,7.808540401805337,0.0,0.0,0.0,0.0,550.0,0.0,20346.582219782224,19950.69868427704,0.0,0.0,0.0
CA_SOLAR_TOPAZ,2026-09-13 03:00:00+00:00,solar,CISO,12,0.0,22.8,0.0,7.135390367166946,0.0,0.0,0.0,0.0,550.0,0.0,20382.30439338924,19494.05057384371,0.0,0.0,0.0
CA_SOLAR_TOPAZ,2026-09-13 04:00:00+00:00,solar,CISO,13,0.0,21.2,0.0,6.731500346383912,0.0,0.0,0.0,0.0,550.0,0.0,17957.49856452494,19022.540656962832,0.0,0.0,0.0
CA_SOLAR_TOPAZ,2026-09-13 05:00:00+00:00,solar,CISO,14,0.0,19.9,0.0,5.1159402632517725,0.0,0.0,0.0,0.0,550.0,0.0,19500.74804045725,19709.433979620426,0.0,0.0,0.0
CA_SOLAR_TOPAZ,2026-09-13 06:00:00+00:00,solar,CISO,15,0.0,18.9,0.0,4.57742023554106,0.0,0.0,0.0,0.0,550.0,0.0,21527.87369206024,22561.70963088378,0.0,0.0,0.0
CA_SOLAR_TOPAZ,2026-09-13 07:00:00+00:00,solar,CISO,16,0.0,17.9,0.0,4.038900207830347,0.0,0.0,0.0,0.0,550.0,0.0,25376.65691612543,25161.72810728019,0.0,0.0,0.0
CA_SOLAR_TOPAZ,2026-09-13 08:00:00+00:00,solar,CISO,17,0.0,16.5,0.0,4.57742023554106,0.0,0.0,0.0,0.0,550.0,0.0,27316.317062057296,25941.344612259934,0.0,0.0,0.0
CA_SOLAR_TOPAZ,2026-09-13 09:00:00+00:00,solar,CISO,18,0.0,15.0,0.0,2.4233401246982083,0.0,0.0,0.0,0.0,550.0,0.0,28032.064977867358,26178.02076648388,0.0,0.0,0.0
CA_SOLAR_TOPAZ,2026-09-13 10:00:00+00:00,solar,CISO,19,0.0,14.4,0.0,1.750190090059817,0.0,0.0,0.0,0.0,550.0,0.0,24909.018925029784,26562.08379398033,0.0,0.0,0.0
CA_SOLAR_TOPAZ,2026-09-13 11:00:00+00:00,solar,CISO,20,0.0,14.0,0.0,2.154080110842852,0.0,0.0,0.0,0.0,550.0,0.0,25125.39256891821,25641.37956799596,0.0,0.0,0.0
CA_SOLAR_TOPAZ,2026-09-13 12:00:00+00:00,solar,CISO,21,0.0,14.1,0.0,2.154080110842852,0.0,0.0,0.0,0.0,550.0,0.0,25927.605224288654,25304.50510996379,0.0,0.0,0.0
CA_SOLAR_TOPAZ,2026-09-13 13:00:00+00:00,solar,CISO,22,0.0,13.8,0.0,2.4233401246982083,0.0,0.0,0.0,0.0,550.0,0.0,28082.29849478698,26611.2790707332,0.0,0.0,0.0
CA_SOLAR_TOPAZ,2026-09-13 14:00:00+00:00,solar,CISO,23,0.0,13.4,0.0,2.5579701316258863,0.0,0.0,0.0,0.0,550.0,0.0,27190.557005718376,26795.52735872923,0.0,0.0,0.0
CA_SOLAR_TOPAZ,2026-09-13 15:00:00+00:00,solar,CISO,24,274.8521235036873,16.2,0.0,4.173530214758025,194.77463560537757,167.40964657015326,180.07373771792678,196.77055824167627,550.0,0.327406795850776,27076.787449274616,27802.86824814837,-27.364989035224312,-14.700897887450793,1.995922636298701
CA_SOLAR_TOPAZ,2026-09-13 16:00:00+00:00,solar,CISO,25,480.4386523012096,19.1,0.0,5.1159402632517725,339.4795104539832,311.0420284039508,322.5224294585394,333.7104221415819,550.0,0.5864044171973444,30613.255950389463,30298.167046408333,-28.43748205003243,-16.95708099544379,-5.769088312401323
CA_SOLAR_TOPAZ,2026-09-13 17:00:00+00:00,solar,CISO,26,655.9010178156918,20.9,0.0,6.192980318673198,453.2745206987404,431.0672161770492,445.0458549223478,464.0296218287111,550.0,0.809174281676996,31310.88349799863,31329.10676326333,-22.207304521691185,-8.228665776392575,10.755101129970683
CA_SOLAR_TOPAZ,2026-09-13 18:00:00+00:00,solar,CISO,27,789.2629885943585,22.0,0.0,6.327610325600878,534.0952767624528,485.82741021585963,500.7436603192928,543.6613345180779,550.0,0.9104430187623506,30373.67872945056,30591.82676036714,-48.26786654659321,-33.351616443160026,9.566057755625025
CA_SOLAR_TOPAZ,2026-09-13 19:00:00+00:00,solar,CISO,28,871.4184551711157,23.7,0.0,6.058350311745521,550.0,501.79753838523686,513.7012652060937,550.0,550.0,0.9340023003747158,28946.85563963726,29710.611121242968,-48.20246161476314,-36.298734793906306,0.0
CA_SOLAR_TOPAZ,2026-09-13 20:00:00+00:00,solar,CISO,29,896.7524173737597,25.2,0.0,5.654460290962486,550.0,498.2248189501363,510.77796212557803,550.0,550.0,0.9286872038646873,29735.912211600305,29338.2587690263,-51.775181049863704,-39.22203787442197,0.0
CA_SOLAR_TOPAZ,2026-09-13 21:00:00+00:00,solar,CISO,30,863.5239569525246,26.2,0.0,5.3852002771071295,550.0,498.2248189501363,510.0450591961662,548.4479925653196,550.0,0.9273546530839386,28483.883663216115,28180.2196211409,-51.775181049863704,-39.95494080383378,-1.5520074346803767
CA_SOLAR_TOPAZ,2026-09-13 22:00:00+00:00,solar,CISO,31,773.9850746107182,26.7,0.0,4.712050242468738,514.6046908072299,476.0075398440666,483.2066655533896,520.759517651322,550.0,0.8785575737334357,25601.261675683527,25684.85159880804,-38.597150963163244,-31.398025253840274,6.154826844092099
CA_SOLAR_TOPAZ,2026-09-13 23:00:00+00:00,solar,CISO,32,634.2272794539746,26.6,0.0,5.250570270179451,429.4018967913637,400.5783709279016,410.51335995771996,433.1007616879274,550.0,0.7463879271958545,23202.71898145921,23384.158488552854,-28.823525863462123,-18.88853683364374,3.698864896563691
CA_SOLAR_TOPAZ,2026-09-14 00:00:00+00:00,solar,CISO,33,454.0153389928613,26.0,0.0,5.789090297890164,312.9522223424202,260.1818390230535,271.73988657345205,300.16504891243557,550.0,0.4940725210426401,25324.714494797707,26517.250400357632,-52.770383319366715,-41.21233576896816,-12.787173429984648
CA_SOLAR_TOPAZ,2026-09-14 01:00:00+00:00,solar,CISO,34,245.0281485426821,25.0,0.0,5.923720304817843,167.37431225101858,119.89717726190202,134.82319325773705,164.94257689770774,550.0,0.245133078650431,24199.79198311362,24618.70756319295,-47.477134989116564,-32.551118993281534,-2.4317353533108417
CA_SOLAR_TOPAZ,2026-09-14 02:00:00+00:00,solar,CISO,35,0.0,23.7,0.0,5.3852002771071295,0.0,0.0,0.0,0.0,550.0,0.0,23617.52612852836,22660.662902630225,0.0,0.0,0.0
CA_SOLAR_TOPAZ,2026-09-14 03:00:00+00:00,solar,CISO,36,0.0,22.5,0.0,4.981310256324095,0.0,0.0,0.0,0.0,550.0,0.0,22030.11286008573,22178.030096542912,0.0,0.0,0.0
CA_SOLAR_TOPAZ,2026-09-14 04:00:00+00:00,solar,CISO,37,0.0,21.2,0.0,5.789090297890164,0.0,0.0,0.0,0.0,550.0,0.0,21227.26186223807,22353.64895711665,0.0,0.0,0.0
CA_SOLAR_TOPAZ,2026-09-14 05:00:00+00:00,solar,CISO,38,0.0,19.9,0.0,5.654460290962486,0.0,0.0,0.0,0.0,550.0,0.0,23827.435222803968,22764.220941605792,0.0,0.0,0.0
CA_SOLAR_TOPAZ,2026-09-14 06:00:00+00:00,solar,CISO,39,0.0,19.1,0.0,5.3852002771071295,0.0,0.0,0.0,0.0,550.0,0.0,25811.72516534092,25341.406667802727,0.0,0.0,0.0
CA_SOLAR_TOPAZ,2026-09-14 07:00:00+00:00,solar,CISO,40,0.0,18.1,0.0,5.1159402632517725,0.0,0.0,0.0,0.0,550.0,0.0,30918.70344946085,28794.181063468342,0.0,0.0,0.0
CA_SOLAR_TOPAZ,2026-09-14 08:00:00+00:00,solar,CISO,41,0.0,17.1,0.0,4.57742023554106,0.0,0.0,0.0,0.0,550.0,0.0,30292.988146647665,30226.85402897433,0.0,0.0,0.0
CA_SOLAR_TOPAZ,2026-09-14 09:00:00+00:00,solar,CISO,42,0.0,16.4,0.0,3.500380180119634,0.0,0.0,0.0,0.0,550.0,0.0,30450.81891346927,30950.623832664005,0.0,0.0,0.0
CA_SOLAR_TOPAZ,2026-09-14 10:00:00+00:00,solar,CISO,43,0.0,15.7,0.0,2.6926001385535647,0.0,0.0,0.0,0.0,550.0,0.0,27893.572203437096,29382.301877726048,0.0,0.0,0.0
CA_SOLAR_TOPAZ,2026-09-14 11:00:00+00:00,solar,CISO,44,0.0,15.2,0.0,3.365750173191956,0.0,0.0,0.0,0.0,550.0,0.0,31037.034076871,29662.635357356143,0.0,0.0,0.0
CA_SOLAR_TOPAZ,2026-09-14 12:00:00+00:00,solar,CISO,45,0.0,14.7,0.0,3.9042702009026686,0.0,0.0,0.0,0.0,550.0,0.0,32174.77030888769,29519.955055642444,0.0,0.0,0.0
CA_SOLAR_TOPAZ,2026-09-14 13:00:00+00:00,solar,CISO,46,0.0,14.1,0.0,4.038900207830347,0.0,0.0,0.0,0.0,550.0,0.0,28706.70904277624,29555.93142766701,0.0,0.0,0.0
CA_SOLAR_TOPAZ,2026-09-14 14:00:00+00:00,solar,CISO,47,0.0,13.7,0.0,3.9042702009026686,0.0,0.0,0.0,0.0,550.0,0.0,30873.78721991687,31589.222050272896,0.0,0.0,0.0
CA_SOLAR_TOPAZ,2026-09-14 15:00:00+00:00,solar,CISO,48,272.2925504170159,16.6,0.0,4.8466802493964165,194.49633146279177,162.97030666074457,179.79543357534098,197.39847674089006,550.0,0.32690078831880176,34610.32843372213,33902.89011715576,-31.526024802047203,-14.700897887450793,2.9021452780982884
CA_SOLAR_TOPAZ,2026-09-14 16:00:00+00:00,solar,CISO,49,477.9346250918786,18.9,0.0,5.789090297890164,339.8072493370089,307.4440342809331,323.4285803034563,335.66901003813047,550.0,0.5880519641881023,34319.524957788184,35346.77615611139,-32.363215056075774,-16.378669033552626,-4.138239298878432
CA_SOLAR_TOPAZ,2026-09-14 17:00:00+00:00,solar,CISO,50,653.3452597224807,20.8,0.0,6.596870339456234,453.4819866312156,428.2010082108484,447.1682524803563,466.75058692468286,550.0,0.8130331863279205,37436.76159323566,37794.659742973614,-25.280978420367205,-6.313734150859318,13.268600293467273
CA_SOLAR_TOPAZ,2026-09-14 18:00:00+00:00,solar,CISO,51,786.5518196016369,22.3,0.0,6.731500346383912,533.3375667237358,481.1248514169927,499.7073606671324,543.330321561977,550.0,0.9085588375766043,36610.91369117491,37064.74628616537,-52.212715306743064,-33.63020605660341,9.99275483824124
CA_SOLAR_TOPAZ,2026-09-14 19:00:00+00:00,solar,CISO,52,868.458904872107,23.8,0.0,6.462240332528555,550.0,496.17554796998775,513.794804966336,550.0,550.0,0.9341723726660653,36369.00870598588,36126.29200743514,-53.82445203001225,-36.20519503366404,0.0
CA_SOLAR_TOPAZ,2026-09-14 20:00:00+00:00,solar,CISO,53,893.4685969284687,25.1,0.0,6.192980318673198,550.0,492.60282853488724,511.10555029518883,550.0,550.0,0.9292828187185251,35945.08826353656,34618.55223217022,-57.39717146511276,-38.894449704811166,0.0
CA_SOLAR_TOPAZ,2026-09-14 21:00:00+00:00,solar,CISO,54,859.8622534114845,26.1,0.0,6.058350311745521,550.0,490.6686414733203,510.8263961184279,549.5051376758307,550.0,0.9287752656698689,33342.632485649214,33316.899657123155,-59.33135852667971,-39.17360388157209,-0.4948623241692758
CA_SOLAR_TOPAZ,2026-09-14 22:00:00+00:00,solar,CISO,55,769.9178120624333,26.9,0.0,5.654460290962486,513.2800650789815,468.1701744825125,481.9635339832649,519.562692523592,550.0,0.876297334515027,30869.64700834537,29907.75807891509,-45.10989059646897,-31.316531095716584,6.282627444610512
CA_SOLAR_TOPAZ,2026-09-14 23:00:00+00:00,solar,CISO,56,629.7545969788995,27.1,0.0,5.250570270179451,427.3117689630388,395.4145692009007,409.43806356255465,433.6723383545454,550.0,0.7444328428410084,28373.624170125677,28796.825524853917,-31.897199762138086,-17.87370540048414,6.360569391506601
CA_SOLAR_TOPAZ,2026-09-15 00:00:00+00:00,solar,CISO,57,449.1636220102725,26.7,0.0,5.1159402632517725,310.5348672257161,253.03611087951958,271.6675957092057,297.5217735950315,550.0,0.4939410831076468,27558.429337991696,27245.8392209503,-57.4987563461965,-38.86727151651036,-13.01309363068458
CA_SOLAR_TOPAZ,2026-09-15 01:00:00+00:00,solar,CISO,58,239.8515114210931,25.7,2.3,4.981310256324095,165.03375486909235,112.35948802854779,131.30215163292814,161.14366522319608,550.0,0.2387311847871421,22215.2786169958,24012.30931545199,-52.67426684054456,-33.731603236164204,-3.8900896458962677
CA_SOLAR_TOPAZ,2026-09-15 02:00:00+00:00,solar,CISO,59,0.0,23.5,0.0,3.2311201662642777,0.0,0.0,0.0,0.0,550.0,0.0,22334.130019671724,23528.140377613592,0.0,0.0,0.0
CA_SOLAR_TOPAZ,2026-09-15 03:00:00+00:00,solar,CISO,60,0.0,21.7,3.9,1.884820096987495,0.0,0.0,0.0,0.0,550.0,0.0,22887.32612187964,22267.03403515684,0.0,0.0,0.0
CA_SOLAR_TOPAZ,2026-09-15 04:00:00+00:00,solar,CISO,61,0.0,20.9,75.8,1.6155600831321388,0.0,0.0,0.0,0.0,550.0,0.0,22131.434158674,22598.20526260353,0.0,0.0,0.0
CA_SOLAR_TOPAZ,2026-09-15 05:00:00+00:00,solar,CISO,62,0.0,20.5,86.7,1.750190090059817,0.0,0.0,0.0,0.0,550.0,0.0,23512.301191232527,23044.56513823159,0.0,0.0,0.0
CA_SOLAR_TOPAZ,2026-09-15 06:00:00+00:00,solar,CISO,63,0.0,19.6,0.0,1.6155600831321388,0.0,0.0,0.0,0.0,550.0,0.0,26634.708068653155,26138.54493013068,0.0,0.0,0.0
CA_SOLAR_TOPAZ,2026-09-15 07:00:00+00:00,solar,CISO,64,0.0,19.05,0.0,1.4809300762044604,0.0,0.0,0.0,0.0,550.0,0.0,30642.89053554465,29287.473299132995,0.0,0.0,0.0
CA_SOLAR_TOPAZ,2026-09-15 08:00:00+00:00,solar,CISO,65,0.0,18.5,0.0,1.3463000692767824,0.0,0.0,0.0,0.0,550.0,0.0,30995.520948818456,30139.115947186045,0.0,0.0,0.0
CA_SOLAR_TOPAZ,2026-09-15 09:00:00+00:00,solar,CISO,66,0.0,17.950000000000003,0.0,1.211670062349104,0.0,0.0,0.0,0.0,550.0,0.0,32443.807909982,31328.67326952635,0.0,0.0,0.0
CA_SOLAR_TOPAZ,2026-09-15 10:00:00+00:00,solar,CISO,67,0.0,17.400000000000002,0.0,1.077040055421426,0.0,0.0,0.0,0.0,550.0,0.0,30727.046031137183,30847.613824061384,0.0,0.0,0.0
CA_SOLAR_TOPAZ,2026-09-15 11:00:00+00:00,solar,CISO,68,0.0,16.85,0.0,0.9424100484937477,0.0,0.0,0.0,0.0,550.0,0.0,30401.985894217185,31163.624285239708,0.0,0.0,0.0
CA_SOLAR_TOPAZ,2026-09-15 12:00:00+00:00,solar,CISO,69,0.0,16.3,0.0,0.8077800415660694,0.0,0.0,0.0,0.0,550.0,0.0,29697.70083390112,30478.078539842303,0.0,0.0,0.0
CA_SOLAR_TOPAZ,2026-09-15 13:00:00+00:00,solar,CISO,70,0.0,16.3,0.0,0.8077800415660694,0.0,0.0,0.0,0.0,550.0,0.0,31543.57968086702,32091.756231537907,0.0,0.0,0.0
CA_SOLAR_TOPAZ,2026-09-15 14:00:00+00:00,solar,CISO,71,0.0,16.3,0.0,0.8077800415660694,0.0,0.0,0.0,0.0,550.0,0.0,31421.805840700246,32715.50853134632,0.0,0.0,0.0
CA_SOLAR_DSLF,2026-09-12 15:00:00+00:00,solar,CISO,0,347.7954970806344,31.4,0.0,6.058350311745521,224.13001821013597,196.25123218056973,211.62156100083956,225.11866738541917,550.0,0.38476647454698104,31575.42362767876,31773.399737256244,-27.878786029566243,-12.50845720929641,0.9886491752832001
CA_SOLAR_DSLF,2026-09-12 16:00:00+00:00,solar,CISO,1,549.1658742530502,33.2,0.0,6.327610325600878,348.1403405041635,314.356217320665,324.3084003794655,339.5953333583475,550.0,0.5896516370535737,35640.57719377888,34869.32011934459,-33.78412318349848,-23.83194012469795,-8.545007145815987
CA_SOLAR_DSLF,2026-09-12 17:00:00+00:00,solar,CISO,2,715.8903665661697,35.2,0.0,5.3852002771071295,441.3423074435484,424.62886254569617,429.6173853826799,451.02768806563085,550.0,0.7811225188775999,37230.55716831908,35658.33036789552,-16.71344489785224,-11.724922060868494,9.685380622082448
CA_SOLAR_DSLF,2026-09-12 18:00:00+00:00,solar,CISO,3,836.5882348704064,37.0,1.6,4.981310256324095,502.92209671367794,470.02627519518285,484.492053210882,508.7789401628782,550.0,0.8808946422016036,36294.40665697791,34153.29740629967,-32.8958215184951,-18.430043502795968,5.856843449200255
CA_SOLAR_DSLF,2026-09-12 19:00:00+00:00,solar,CISO,4,902.938292307557,38.6,7.0,5.250570270179451,533.3487804791662,479.80223938987615,494.99690141365903,537.4706918217413,550.0,0.8999943662066527,31453.71770370674,33287.00527682851,-53.54654108929003,-38.35187906550715,4.1219113425751175
CA_SOLAR_DSLF,2026-09-12 20:00:00+00:00,solar,CISO,5,910.2725689633634,39.7,10.9,5.654460290962486,534.3362022986515,470.3490469474934,490.02577456065427,531.2748287524222,550.0,0.8909559537466442,32469.419322696893,31495.89343278802,-63.98715535115815,-44.31042773799726,-3.0613735462293334
CA_SOLAR_DSLF,2026-09-12 21:00:00+00:00,solar,CISO,6,858.7037825275439,40.5,9.4,6.192980318673198,506.3496671265388,464.96247627056846,478.91851511148576,505.85290991915934,550.0,0.8707609365663378,30821.73792589044,30328.07577210102,-41.387190855970346,-27.431152015053044,-0.49675720737945994
CA_SOLAR_DSLF,2026-09-12 22:00:00+00:00,solar,CISO,7,750.1494720692432,40.9,16.4,6.462240332528555,448.8304343496486,420.28414149493807,421.32400671771353,452.2228719579557,550.0,0.7660436485776609,27790.001944116044,27881.59653825329,-28.546292854710543,-27.506427631935082,3.392437608307091
CA_SOLAR_DSLF,2026-09-12 23:00:00+00:00,solar,CISO,8,557.4219945855816,40.7,48.4,6.462240332528555,341.3641129330537,312.9065240352648,335.75152908335514,353.7946465965997,550.0,0.6104573256061002,25138.99367204032,26057.069508424,-28.457588897788924,-5.612583849698581,12.430533663545987
CA_SOLAR_DSLF,2026-09-13 00:00:00+00:00,solar,CISO,9,398.5515854409695,40.2,25.8,6.731500346383912,248.0853478079233,195.20287206693587,211.88078797995223,239.08219788523428,550.0,0.38523779632718586,23042.208687053306,22071.04726139733,-52.882475740987445,-36.20455982797108,-9.003149922689033
CA_SOLAR_DSLF,2026-09-13 01:00:00+00:00,solar,CISO,10,182.6143632613945,39.3,14.8,6.731500346383912,110.433314263339,66.25363342013327,78.5276535944575,108.40330759723658,550.0,0.14277755198992273,20906.44373666695,21872.344624303856,-44.17968084320573,-31.905660668881495,-2.030006666102423
CA_SOLAR_DSLF,2026-09-13 02:00:00+00:00,solar,CISO,11,0.0,38.1,4.7,6.192980318673198,0.0,0.0,0.0,0.0,550.0,0.0,20346.582219782224,19950.69868427704,0.0,0.0,0.0
CA_SOLAR_DSLF,2026-09-13 03:00:00+00:00,solar,CISO,12,0.0,37.5,2.3,5.923720304817843,0.0,0.0,0.0,0.0,550.0,0.0,20382.30439338924,19494.05057384371,0.0,0.0,0.0
CA_SOLAR_DSLF,2026-09-13 04:00:00+00:00,solar,CISO,13,0.0,36.0,1.6,6.192980318673198,0.0,0.0,0.0,0.0,550.0,0.0,17957.49856452494,19022.540656962832,0.0,0.0,0.0
CA_SOLAR_DSLF,2026-09-13 05:00:00+00:00,solar,CISO,14,0.0,35.1,1.6,5.1159402632517725,0.0,0.0,0.0,0.0,550.0,0.0,19500.74804045725,19709.433979620426,0.0,0.0,0.0
CA_SOLAR_DSLF,2026-09-13 06:00:00+00:00,solar,CISO,15,0.0,34.6,1.6,7.67391039487766,0.0,0.0,0.0,0.0,550.0,0.0,21527.87369206024,22561.70963088378,0.0,0.0,0.0
CA_SOLAR_DSLF,2026-09-13 07:00:00+00:00,solar,CISO,16,0.0,33.3,1.6,5.519830284034807,0.0,0.0,0.0,0.0,550.0,0.0,25376.65691612543,25161.72810728019,0.0,0.0,0.0
CA_SOLAR_DSLF,2026-09-13 08:00:00+00:00,solar,CISO,17,0.0,32.3,0.8,4.173530214758025,0.0,0.0,0.0,0.0,550.0,0.0,27316.317062057296,25941.344612259934,0.0,0.0,0.0
CA_SOLAR_DSLF,2026-09-13 09:00:00+00:00,solar,CISO,18,0.0,31.6,0.8,3.096490159336599,0.0,0.0,0.0,0.0,550.0,0.0,28032.064977867358,26178.02076648388,0.0,0.0,0.0
CA_SOLAR_DSLF,2026-09-13 10:00:00+00:00,solar,CISO,19,0.0,30.9,0.8,2.5579701316258863,0.0,0.0,0.0,0.0,550.0,0.0,24909.018925029784,26562.08379398033,0.0,0.0,0.0
CA_SOLAR_DSLF,2026-09-13 11:00:00+00:00,solar,CISO,20,0.0,30.2,0.0,2.154080110842852,0.0,0.0,0.0,0.0,550.0,0.0,25125.39256891821,25641.37956799596,0.0,0.0,0.0
CA_SOLAR_DSLF,2026-09-13 12:00:00+00:00,solar,CISO,21,0.0,29.5,0.0,1.750190090059817,0.0,0.0,0.0,0.0,550.0,0.0,25927.605224288654,25304.50510996379,0.0,0.0,0.0
CA_SOLAR_DSLF,2026-09-13 13:00:00+00:00,solar,CISO,22,0.0,28.9,0.0,2.0194501039151733,0.0,0.0,0.0,0.0,550.0,0.0,28082.29849478698,26611.2790707332,0.0,0.0,0.0
CA_SOLAR_DSLF,2026-09-13 14:00:00+00:00,solar,CISO,23,123.06012831150896,29.1,0.0,2.6926001385535647,74.07481171626857,55.53151856422399,58.490336024102135,79.3629928887143,550.0,0.10634606549836752,27190.557005718376,26795.52735872923,-18.543293152044583,-15.584475692166436,5.288181172445732
CA_SOLAR_DSLF,2026-09-13 15:00:00+00:00,solar,CISO,24,345.47460697689445,31.0,0.0,2.827230145481243,224.3548031263717,195.902484670323,211.2679339551841,225.24353093731258,550.0,0.3841235162821529,27076.787449274616,27802.86824814837,-28.452318456048715,-13.086869171187601,0.8887278109408783
CA_SOLAR_DSLF,2026-09-13 16:00:00+00:00,solar,CISO,25,546.8772865893794,32.2,0.0,3.096490159336599,349.51618860260544,315.71930726016564,326.4126703279535,342.52065043605086,550.0,0.5934775824144609,30613.255950389463,30298.167046408333,-33.796881342439804,-23.103518274651947,-6.9955381665545815
CA_SOLAR_DSLF,2026-09-13 17:00:00+00:00,solar,CISO,26,713.5240102626465,33.8,0.0,3.365750173191956,443.9374238432917,426.1452389901601,435.264253307074,453.7074298766027,550.0,0.7913895514674073,31310.88349799863,31329.10676326333,-17.792184853131573,-8.673170536217697,9.770006033311006
CA_SOLAR_DSLF,2026-09-13 18:00:00+00:00,solar,CISO,27,834.0399105177129,35.5,0.0,4.308160221685704,506.1370752428666,476.0521363235485,490.7694129769962,513.4571618430056,550.0,0.8923080235945385,30373.67872945056,30591.82676036714,-30.08493891931812,-15.367662265870422,7.32008660013895
CA_SOLAR_DSLF,2026-09-13 19:00:00+00:00,solar,CISO,28,900.1950711475697,37.4,0.0,5.250570270179451,536.0089301484996,486.5572892660599,499.36394256407436,541.5437985493525,550.0,0.9079344410255897,28946.85563963726,29710.611121242968,-49.45164088243973,-36.64498758442528,5.534868400852815
CA_SOLAR_DSLF,2026-09-13 20:00:00+00:00,solar,CISO,29,907.463950959678,39.1,2.3,5.3852002771071295,535.4883773671028,476.2088350273659,494.0978745642239,532.4686286990353,550.0,0.8983597719349525,29735.912211600305,29338.2587690263,-59.27954233973685,-41.39050280287887,-3.01974866806745
CA_SOLAR_DSLF,2026-09-13 21:00:00+00:00,solar,CISO,30,855.3096596302206,40.5,5.5,6.192980318673198,505.6912383099712,467.5285683708938,483.12840332511945,506.775787895473,550.0,0.8784152787729445,28483.883663216115,28180.2196211409,-38.162669939077375,-22.562834984851747,1.0845495855018044
CA_SOLAR_DSLF,2026-09-13 22:00:00+00:00,solar,CISO,31,747.3677084856829,40.9,0.8,7.000760360239268,448.469806191178,421.90842413175534,424.5231315911145,452.5581182872345,550.0,0.7718602392565719,25601.261675683527,25684.85159880804,-26.56138205942267,-23.94667460006349,4.088312096056484
CA_SOLAR_DSLF,2026-09-13 23:00:00+00:00,solar,CISO,32,590.8887262500003,40.5,0.0,7.000760360239268,362.847665229703,334.7190114072127,350.7783622706284,359.7198712010803,550.0,0.6377788404920517,23202.71898145921,23384.158488552854,-28.12865382249032,-12.069302959074605,-3.127794028622702
CA_SOLAR_DSLF,2026-09-14 00:00:00+00:00,solar,CISO,33,396.78003807888274,40.0,0.0,6.86613035331159,248.45728935026747,194.6866270579111,211.98729951558528,239.4184566140117,550.0,0.3854314536647005,25324.714494797707,26517.250400357632,-53.77066229235638,-36.469989834682195,-9.038832736255785
CA_SOLAR_DSLF,2026-09-14 01:00:00+00:00,solar,CISO,34,177.72376000171727,39.0,0.0,6.86613035331159,108.69627622157498,59.105107923974934,73.62583246247414,106.2112604209326,550.0,0.13386514993177115,24199.79198311362,24618.70756319295,-49.59116829760004,-35.07044375910084,-2.4850158006423726
CA_SOLAR_DSLF,2026-09-14 02:00:00+00:00,solar,CISO,35,0.0,37.3,0.0,6.058350311745521,0.0,0.0,0.0,0.0,550.0,0.0,23617.52612852836,22660.662902630225,0.0,0.0,0.0
CA_SOLAR_DSLF,2026-09-14 03:00:00+00:00,solar,CISO,36,0.0,36.0,0.0,4.442790228613381,0.0,0.0,0.0,0.0,550.0,0.0,22030.11286008573,22178.030096542912,0.0,0.0,0.0
CA_SOLAR_DSLF,2026-09-14 04:00:00+00:00,solar,CISO,37,0.0,34.8,0.0,3.096490159336599,0.0,0.0,0.0,0.0,550.0,0.0,21227.26186223807,22353.64895711665,0.0,0.0,0.0
CA_SOLAR_DSLF,2026-09-14 05:00:00+00:00,solar,CISO,38,0.0,33.5,0.0,2.6926001385535647,0.0,0.0,0.0,0.0,550.0,0.0,23827.435222803968,22764.220941605792,0.0,0.0,0.0
CA_SOLAR_DSLF,2026-09-14 06:00:00+00:00,solar,CISO,39,0.0,32.2,0.0,2.6926001385535647,0.0,0.0,0.0,0.0,550.0,0.0,25811.72516534092,25341.406667802727,0.0,0.0,0.0
CA_SOLAR_DSLF,2026-09-14 07:00:00+00:00,solar,CISO,40,0.0,31.2,0.0,2.9618601524089216,0.0,0.0,0.0,0.0,550.0,0.0,30918.70344946085,28794.181063468342,0.0,0.0,0.0
CA_SOLAR_DSLF,2026-09-14 08:00:00+00:00,solar,CISO,41,0.0,30.2,0.0,3.096490159336599,0.0,0.0,0.0,0.0,550.0,0.0,30292.988146647665,30226.85402897433,0.0,0.0,0.0
CA_SOLAR_DSLF,2026-09-14 09:00:00+00:00,solar,CISO,42,0.0,29.2,0.0,3.2311201662642777,0.0,0.0,0.0,0.0,550.0,0.0,30450.81891346927,30950.623832664005,0.0,0.0,0.0
CA_SOLAR_DSLF,2026-09-14 10:00:00+00:00,solar,CISO,43,0.0,28.1,0.0,2.9618601524089216,0.0,0.0,0.0,0.0,550.0,0.0,27893.572203437096,29382.301877726048,0.0,0.0,0.0
CA_SOLAR_DSLF,2026-09-14 11:00:00+00:00,solar,CISO,44,0.0,27.3,0.0,2.6926001385535647,0.0,0.0,0.0,0.0,550.0,0.0,31037.034076871,29662.635357356143,0.0,0.0,0.0
CA_SOLAR_DSLF,2026-09-14 12:00:00+00:00,solar,CISO,45,0.0,26.6,0.0,2.4233401246982083,0.0,0.0,0.0,0.0,550.0,0.0,32174.77030888769,29519.955055642444,0.0,0.0,0.0
CA_SOLAR_DSLF,2026-09-14 13:00:00+00:00,solar,CISO,46,0.0,25.9,0.0,2.154080110842852,0.0,0.0,0.0,0.0,550.0,0.0,28706.70904277624,29555.93142766701,0.0,0.0,0.0
CA_SOLAR_DSLF,2026-09-14 14:00:00+00:00,solar,CISO,47,120.58574055747836,26.3,0.0,1.750190090059817,74.62778677792852,52.92147085126011,56.74720682514236,80.54666264693519,550.0,0.10317673968207701,30873.78721991687,31589.222050272896,-21.70631592666841,-17.880579952786164,5.918875869006669
CA_SOLAR_DSLF,2026-09-14 15:00:00+00:00,solar,CISO,48,343.1305218936655,29.3,0.0,1.750190090059817,225.76363299070587,193.57779064214532,212.67676381951827,227.61083027736348,550.0,0.38668502512639685,34610.32843372213,33902.89011715576,-32.185842348560556,-13.086869171187601,1.8471972866576039
CA_SOLAR_DSLF,2026-09-14 16:00:00+00:00,solar,CISO,49,544.5560324171565,31.4,0.0,1.884820096987495,350.5792391637274,314.45196768170456,327.47572088907543,345.31632225388563,550.0,0.5954104016165008,34319.524957788184,35346.77615611139,-36.12727148202282,-23.103518274651947,-5.262916909841749
CA_SOLAR_DSLF,2026-09-14 17:00:00+00:00,solar,CISO,50,711.1165963554968,33.3,0.0,2.6926001385535647,444.7502137105999,424.0521782275107,436.0770431743822,456.2655297054644,550.0,0.7928673512261495,37436.76159323566,37794.659742973614,-20.6980354830892,-8.673170536217697,11.515315994864523
CA_SOLAR_DSLF,2026-09-14 18:00:00+00:00,solar,CISO,51,831.4433088919288,35.2,0.0,3.76964019397499,506.5696993617504,470.94543269625507,490.3692969232932,513.8717218596172,550.0,0.8915805398605331,36610.91369117491,37064.74628616537,-35.62426666549533,-16.200402438457218,7.302022497866801
CA_SOLAR_DSLF,2026-09-14 19:00:00+00:00,solar,CISO,52,897.3192826304053,36.8,0.0,4.038900207830347,537.1104781202504,482.4809198851937,500.4654905358251,543.3946773825215,550.0,0.909937255519682,36369.00870598588,36126.29200743514,-54.62955823505666,-36.64498758442528,6.284199262271159
CA_SOLAR_DSLF,2026-09-14 20:00:00+00:00,solar,CISO,53,904.2400026253208,38.1,0.0,4.173530214758025,537.4333586925268,478.74668173862744,497.6394732313676,537.9590334854533,550.0,0.9047990422388502,35945.08826353656,34618.55223217022,-58.68667695389934,-39.793885461159164,0.5256747929265657
CA_SOLAR_DSLF,2026-09-14 21:00:00+00:00,solar,CISO,54,851.7205760617344,39.2,0.0,5.789090297890164,507.9999787505381,466.05639725748165,487.45072211537814,510.7729381284297,550.0,0.8862740402097784,33342.632485649214,33316.899657123155,-41.943581493056456,-20.549256635159963,2.7729593778915955
CA_SOLAR_DSLF,2026-09-14 22:00:00+00:00,solar,CISO,55,743.3289191736282,40.2,0.0,6.731500346383912,448.8763050513912,419.49645738083296,424.92963045132774,454.32666656181317,550.0,0.7725993280933232,30869.64700834537,29907.75807891509,-29.379847670558263,-23.94667460006349,5.450361510421942
CA_SOLAR_DSLF,2026-09-14 23:00:00+00:00,solar,CISO,56,586.4426100516739,40.6,0.0,7.000760360239268,361.35580611139176,331.7458540001018,350.9392461075191,359.68423332734375,550.0,0.6380713565591257,28373.624170125677,28796.825524853917,-29.609952111289942,-10.416560003872632,-1.67157278404801
CA_SOLAR_DSLF,2026-09-15 00:00:00+00:00,solar,CISO,57,391.9618894143323,39.8,0.0,7.270020374094625,247.00403695120357,186.3268869552797,208.76280103472664,235.99734891152596,550.0,0.37956872915404843,27558.429337991696,27245.8392209503,-60.677149995923884,-38.24123591647694,-11.006688039677613
CA_SOLAR_DSLF,2026-09-15 01:00:00+00:00,solar,CISO,58,172.5967825729804,38.6,0.0,6.192980318673198,106.85952273579908,53.32380609473007,71.28761478125465,103.2918334123138,550.0,0.12961384505682663,22215.2786169958,24012.30931545199,-53.53571664106901,-35.57190795454443,-3.5676893234852685
CA_SOLAR_DSLF,2026-09-15 02:00:00+00:00,solar,CISO,59,0.0,36.6,0.0,5.250570270179451,0.0,0.0,0.0,0.0,550.0,0.0,22334.130019671724,23528.140377613592,0.0,0.0,0.0
CA_SOLAR_DSLF,2026-09-15 03:00:00+00:00,solar,CISO,60,0.0,35.3,0.0,4.173530214758025,0.0,0.0,0.0,0.0,550.0,0.0,22887.32612187964,22267.03403515684,0.0,0.0,0.0
CA_SOLAR_DSLF,2026-09-15 04:00:00+00:00,solar,CISO,61,0.0,33.9,0.0,2.827230145481243,0.0,0.0,0.0,0.0,550.0,0.0,22131.434158674,22598.20526260353,0.0,0.0,0.0
CA_SOLAR_DSLF,2026-09-15 05:00:00+00:00,solar,CISO,62,0.0,32.8,0.0,6.327610325600878,0.0,0.0,0.0,0.0,550.0,0.0,23512.301191232527,23044.56513823159,0.0,0.0,0.0
CA_SOLAR_DSLF,2026-09-15 06:00:00+00:00,solar,CISO,63,0.0,31.9,0.0,5.3852002771071295,0.0,0.0,0.0,0.0,550.0,0.0,26634.708068653155,26138.54493013068,0.0,0.0,0.0
CA_SOLAR_DSLF,2026-09-15 07:00:00+00:00,solar,CISO,64,0.0,31.0,0.0,4.599858570029006,0.0,0.0,0.0,0.0,550.0,0.0,30642.89053554465,29287.473299132995,0.0,0.0,0.0
CA_SOLAR_DSLF,2026-09-15 08:00:00+00:00,solar,CISO,65,0.0,30.1,0.0,3.814516862950883,0.0,0.0,0.0,0.0,550.0,0.0,30995.520948818456,30139.115947186045,0.0,0.0,0.0
CA_SOLAR_DSLF,2026-09-15 09:00:00+00:00,solar,CISO,66,0.0,29.2,0.0,3.0291751558727604,0.0,0.0,0.0,0.0,550.0,0.0,32443.807909982,31328.67326952635,0.0,0.0,0.0
CA_SOLAR_DSLF,2026-09-15 10:00:00+00:00,solar,CISO,67,0.0,28.3,0.0,2.243833448794637,0.0,0.0,0.0,0.0,550.0,0.0,30727.046031137183,30847.613824061384,0.0,0.0,0.0
CA_SOLAR_DSLF,2026-09-15 11:00:00+00:00,solar,CISO,68,0.0,27.4,0.0,1.4584917417165135,0.0,0.0,0.0,0.0,550.0,0.0,30401.985894217185,31163.624285239708,0.0,0.0,0.0
CA_SOLAR_DSLF,2026-09-15 12:00:00+00:00,solar,CISO,69,0.0,26.5,0.0,0.6731500346383912,0.0,0.0,0.0,0.0,550.0,0.0,29697.70083390112,30478.078539842303,0.0,0.0,0.0
CA_SOLAR_DSLF,2026-09-15 13:00:00+00:00,solar,CISO,70,0.0,26.5,0.0,0.6731500346383912,0.0,0.0,0.0,0.0,550.0,0.0,31543.57968086702,32091.756231537907,0.0,0.0,0.0
CA_SOLAR_DSLF,2026-09-15 14:00:00+00:00,solar,CISO,71,118.09766115411806,26.5,0.0,0.6731500346383912,74.30586973603525,49.813004672813236,53.46939604766416,77.7997945314983,550.0,0.09721708372302575,31421.805840700246,32715.50853134632,-24.492865063222013,-20.836473688371086,3.493924795463059
CA_WIND_ALTA,2026-09-12 15:00:00+00:00,wind,CISO,0,303.12045451008674,23.9,10.9,4.712050242468738,8.780832589276152,1.8510644636955798,10.523179100265956,47.45636867451052,1548.0,0.006797919315417285,31575.42362767876,31773.399737256244,-6.929768125580572,1.7423465109898046,38.67553608523437
CA_WIND_ALTA,2026-09-12 16:00:00+00:00,wind,CISO,1,506.8312355153062,27.1,0.0,3.500380180119634,0.2169510242835096,0.016478005025245934,2.5130558863409123,4.633571542283631,1548.0,0.0016234211152073076,35640.57719377888,34869.32011934459,-0.20047301925826366,2.2961048620574025,4.416620518000122
CA_WIND_ALTA,2026-09-12 17:00:00+00:00,wind,CISO,2,678.7486804035078,29.1,0.0,6.596870339456234,80.040459038662,13.037743317353957,70.47248812676897,173.88532690609918,1548.0,0.045524863130987706,37230.55716831908,35658.33036789552,-67.00271572130804,-9.567970911893028,93.84486786743719
CA_WIND_ALTA,2026-09-12 18:00:00+00:00,wind,CISO,3,807.2596048221503,31.2,0.0,8.34706042951605,261.06268737003205,85.33374114390523,190.50987517743474,442.23059835594154,1548.0,0.1230683948174643,36294.40665697791,34153.29740629967,-175.72894622612682,-70.55281219259732,181.1679109859095
CA_WIND_ALTA,2026-09-12 19:00:00+00:00,wind,CISO,4,883.5885512853724,32.2,0.8,10.097250519575868,608.3583797746984,224.35786270837764,421.2145547101811,850.9429846020112,1548.0,0.2721024255233728,31453.71770370674,33287.00527682851,-384.00051706632075,-187.14382506451727,242.58460482731277
CA_WIND_ALTA,2026-09-12 20:00:00+00:00,wind,CISO,5,902.5178549732212,32.5,0.0,11.44355058885265,1022.8767727212562,352.03064552387946,853.1812506885258,1237.2999225788037,1548.0,0.5511506787393577,32469.419322696893,31495.89343278802,-670.8461271973767,-169.69552203273042,214.42314985754751
CA_WIND_ALTA,2026-09-12 21:00:00+00:00,wind,CISO,6,862.7430583025565,32.6,0.0,11.982070616563364,1230.2053937706223,505.9690359259048,1022.8879448811699,1374.201124049257,1548.0,0.6607803261506265,30821.73792589044,30328.07577210102,-724.2363578447175,-207.3174488894524,143.9957302786347
CA_WIND_ALTA,2026-09-12 22:00:00+00:00,wind,CISO,7,766.9624861360996,32.5,0.0,12.25133063041872,1343.9652668302135,613.6628291436162,1147.5493662563063,1425.3784488849,1548.0,0.741310960113893,27790.001944116044,27881.59653825329,-730.3024376865973,-196.41590057390727,81.41318205468656
CA_WIND_ALTA,2026-09-12 23:00:00+00:00,wind,CISO,8,621.6931758603753,32.0,0.0,11.847440609635688,1176.9756233133105,536.2441692347543,1015.9320032733574,1321.7691750290785,1548.0,0.6562868238199984,25138.99367204032,26057.069508424,-640.7314540785562,-161.0436200399531,144.793551715768
CA_WIND_ALTA,2026-09-13 00:00:00+00:00,wind,CISO,9,437.06521437257896,31.1,0.0,11.44355058885265,1025.7548975683496,349.3123926079285,864.3546551921564,1243.9824983347648,1548.0,0.5583686403050107,23042.208687053306,22071.04726139733,-676.4425049604212,-161.4002423761932,218.2276007664152
CA_WIND_ALTA,2026-09-13 01:00:00+00:00,wind,CISO,10,225.0777634967304,29.8,0.0,11.308920581924973,981.9530904634344,304.8972158227119,751.307493141743,1238.2126554686051,1548.0,0.4853407578435032,20906.44373666695,21872.344624303856,-677.0558746407224,-230.6455973216914,256.25956500517077
CA_WIND_ALTA,2026-09-13 02:00:00+00:00,wind,CISO,11,0.0,27.9,0.0,9.82799050572051,548.6342454791878,173.00528908393989,381.9239687138082,769.9058460649052,1548.0,0.24672091002183993,20346.582219782224,19950.69868427704,-375.62895639524794,-166.7102767653796,221.27160058571735
CA_WIND_ALTA,2026-09-13 03:00:00+00:00,wind,CISO,12,0.0,26.0,0.0,8.34706042951605,265.3119921641619,99.8884698056774,226.76010541598845,458.9536771792162,1548.0,0.14648585621187885,20382.30439338924,19494.05057384371,-165.4235223584845,-38.551886748173445,193.6416850150543
CA_WIND_ALTA,2026-09-13 04:00:00+00:00,wind,CISO,13,0.0,24.4,0.0,6.192980318673198,56.84807763351838,18.90605449446339,73.52213204560134,137.27913335710588,1548.0,0.047494917342119726,17957.49856452494,19022.540656962832,-37.94202313905499,16.67405441208296,80.43105572358749
CA_WIND_ALTA,2026-09-13 05:00:00+00:00,wind,CISO,14,0.0,23.3,0.0,7.270020374094625,136.50674921468894,39.84011715154924,152.64317310756164,286.8868232601983,1548.0,0.09860670097387703,19500.74804045725,19709.433979620426,-96.6666320631397,16.1364238928727,150.38007404550936
CA_WIND_ALTA,2026-09-13 06:00:00+00:00,wind,CISO,15,0.0,22.1,0.0,6.462240332528555,73.07742905854937,20.173114755428372,79.28356942753084,147.81345577597955,1548.0,0.05121677611597599,21527.87369206024,22561.70963088378,-52.904314303121,6.206140368981465,74.73602671743018
CA_WIND_ALTA,2026-09-13 07:00:00+00:00,wind,CISO,16,0.0,21.1,0.0,5.923720304817843,44.156285485706896,9.613954864529525,54.203938207785,117.74984028006855,1548.0,0.03501546395851744,25376.65691612543,25161.72810728019,-34.54233062117737,10.047652722078105,73.59355479436167
CA_WIND_ALTA,2026-09-13 08:00:00+00:00,wind,CISO,17,0.0,20.4,0.0,5.519830284034807,28.33845781944608,6.884411004287475,37.890689180708186,82.63554098215836,1548.0,0.024477189393222343,27316.317062057296,25941.344612259934,-21.454046815158605,9.552231361262105,54.29708316271228
CA_WIND_ALTA,2026-09-13 09:00:00+00:00,wind,CISO,18,0.0,19.5,0.0,5.654460290962486,33.229560253993284,8.871700296078618,43.118217347716495,86.70001891485914,1548.0,0.02785414557346027,28032.064977867358,26178.02076648388,-24.357859957914666,9.88865709372321,53.47045866086586
CA_WIND_ALTA,2026-09-13 10:00:00+00:00,wind,CISO,19,0.0,18.8,0.0,6.192980318673198,57.95567690032197,17.504518426217018,65.59448067856655,127.64932068744909,1548.0,0.042373695528789765,24909.018925029784,26562.08379398033,-40.45115847410495,7.638803778244586,69.69364378712712
CA_WIND_ALTA,2026-09-13 11:00:00+00:00,wind,CISO,20,0.0,17.9,0.0,6.86613035331159,103.19950462373394,29.454992758756333,113.27449541877576,210.9141677426431,1548.0,0.07317473864262,25125.39256891821,25641.37956799596,-73.74451186497761,10.074990795041813,107.71466311890914
CA_WIND_ALTA,2026-09-13 12:00:00+00:00,wind,CISO,21,0.0,17.2,0.0,7.000760360239268,114.6134830417445,36.41806087488705,126.71312333980963,228.42855249336674,1548.0,0.08185602282933438,25927.605224288654,25304.50510996379,-78.19542216685745,12.099640298065125,113.81506945162224
CA_WIND_ALTA,2026-09-13 13:00:00+00:00,wind,CISO,22,0.0,16.9,0.0,6.86613035331159,103.53484422986232,27.281499598287354,113.40094360420832,210.35218102490668,1548.0,0.07325642351693044,28082.29849478698,26611.2790707332,-76.25334463157496,9.866099374346007,106.81733679504437
CA_WIND_ALTA,2026-09-13 14:00:00+00:00,wind,CISO,23,79.2319352295249,17.1,0.0,6.731500346383912,93.03600726927216,20.997832539439656,80.99385294679685,194.26120709605718,1548.0,0.05232161043074732,27190.557005718376,26795.52735872923,-72.0381747298325,-12.042154322475312,101.22519982678502
CA_WIND_ALTA,2026-09-13 15:00:00+00:00,wind,CISO,24,300.75766778146385,20.3,0.0,6.596870339456234,82.44886045445891,14.959780291472526,72.23419087717966,175.4031334442237,1548.0,0.04666291400334603,27076.787449274616,27802.86824814837,-67.48908016298638,-10.214669577279253,92.95427298976479
CA_WIND_ALTA,2026-09-13 16:00:00+00:00,wind,CISO,25,504.3998746756412,23.5,0.0,6.327610325600878,64.59266902177839,16.56106066721255,59.461644196330646,127.69486244741103,1548.0,0.03841191485551075,30613.255950389463,30298.167046408333,-48.03160835456584,-5.131024825447746,63.102193425632635
CA_WIND_ALTA,2026-09-13 17:00:00+00:00,wind,CISO,26,676.2614629258461,26.1,0.0,5.923720304817843,43.40992644350147,10.274919740774308,45.623949221595225,104.9770595751272,1548.0,0.0294728354144672,31310.88349799863,31329.10676326333,-33.13500670272716,2.2140227780937565,61.56713313162573
CA_WIND_ALTA,2026-09-13 18:00:00+00:00,wind,CISO,27,804.6117550890797,28.3,0.0,5.654460290962486,32.234028556065006,6.36816889123795,36.196168856602704,78.4186464245787,1548.0,0.02338253802106118,30373.67872945056,30591.82676036714,-25.865859664827056,3.9621403005376976,46.18461786851369
CA_WIND_ALTA,2026-09-13 19:00:00+00:00,wind,CISO,28,880.6864043212701,30.1,0.0,7.53928038794998,160.12562219313165,52.28242918493682,131.0255039163552,306.35503683561217,1548.0,0.0846417983955783,28946.85563963726,29710.611121242968,-107.84319300819483,-29.100118276776442,146.22941464248052
CA_WIND_ALTA,2026-09-13 20:00:00+00:00,wind,CISO,29,899.285082504257,31.1,0.0,8.885580457226762,347.57712035096785,113.6678986677818,274.21871106641237,534.4940871417438,1548.0,0.1771438701979408,29735.912211600305,29338.2587690263,-233.90922168318605,-73.35840928455548,186.91696679077592
CA_WIND_ALTA,2026-09-13 21:00:00+00:00,wind,CISO,30,859.126181643846,31.1,0.0,9.424100484937476,451.7126282963879,162.18456842876742,324.6958206243639,665.4153299475256,1548.0,0.2097518221087622,28483.883663216115,28180.2196211409,-289.52805986762047,-127.01680767202402,213.70270165113772
CA_WIND_ALTA,2026-09-13 22:00:00+00:00,wind,CISO,31,762.9343350843682,30.6,0.0,9.424100484937476,452.2769266141028,162.74886674648235,326.1177087653749,665.9796282652405,1548.0,0.2106703544995962,25601.261675683527,25684.85159880804,-289.52805986762047,-126.1592178487279,213.70270165113772
CA_WIND_ALTA,2026-09-13 23:00:00+00:00,wind,CISO,32,617.2547816808011,29.6,0.0,9.693360498792831,513.1013058085607,184.22421187838023,339.06193421374826,727.0845542377314,1548.0,0.21903225724402342,23202.71898145921,23384.158488552854,-328.8770939301805,-174.03937159481245,213.98324842917066
CA_WIND_ALTA,2026-09-14 00:00:00+00:00,wind,CISO,33,432.2442401765953,28.1,0.0,10.097250519575868,614.5054703883683,233.77696828086863,442.79656357079745,861.01925206619,1548.0,0.2860442917124015,25324.714494797707,26517.250400357632,-380.72850210749965,-171.70890681757083,246.51378167782173
CA_WIND_ALTA,2026-09-14 01:00:00+00:00,wind,CISO,34,219.9301664092904,25.8,0.0,9.2894704780098,430.949215231874,147.46396276918796,328.5875416941656,664.8285204753965,1548.0,0.21226585380760052,24199.79198311362,24618.70756319295,-283.48525246268605,-102.36167353770838,233.87930524352254
CA_WIND_ALTA,2026-09-14 02:00:00+00:00,wind,CISO,35,0.0,23.0,0.0,9.2894704780098,435.2393756718438,159.38045817591524,344.1376749512625,662.158620641745,1548.0,0.22231115952923935,23617.52612852836,22660.662902630225,-275.85891749592855,-91.10170072058128,226.91924496990117
CA_WIND_ALTA,2026-09-14 03:00:00+00:00,wind,CISO,36,0.0,21.2,0.0,9.15484047108212,410.5813195764388,132.03823831225287,307.36683259312497,586.1729488698649,1548.0,0.19855738539607556,22030.11286008573,22178.030096542912,-278.5430812641859,-103.2144869833138,175.59162929342608
CA_WIND_ALTA,2026-09-14 04:00:00+00:00,wind,CISO,37,0.0,20.3,0.0,9.2894704780098,439.80988739308486,149.64269437018498,346.5643967286469,716.4327923788225,1548.0,0.22387880925623185,21227.26186223807,22353.64895711665,-290.1671930228999,-93.24549066443797,276.6229049857376
CA_WIND_ALTA,2026-09-14 05:00:00+00:00,wind,CISO,38,0.0,19.7,0.0,8.750950450299085,337.15632012913545,104.69677921585995,283.90988141342996,586.0070002340559,1548.0,0.1834043161585465,23827.435222803968,22764.220941605792,-232.4595409132755,-53.246438715705494,248.85068010492046
CA_WIND_ALTA,2026-09-14 06:00:00+00:00,wind,CISO,39,0.0,19.1,0.0,8.212430422588373,251.5746654527088,68.76752783131269,216.0273103432073,475.67147618789795,1548.0,0.13955252606150342,25811.72516534092,25341.406667802727,-182.80713762139612,-35.547355109501524,224.09681073518914
CA_WIND_ALTA,2026-09-14 07:00:00+00:00,wind,CISO,40,0.0,18.4,0.0,7.67391039487766,181.72467260636927,41.728301186790816,160.35140311937454,389.4325828685868,1548.0,0.10358617772569415,30918.70344946085,28794.181063468342,-139.99637141957845,-21.37326948699473,207.70791026221752
CA_WIND_ALTA,2026-09-14 08:00:00+00:00,wind,CISO,41,0.0,17.7,0.0,7.808540401805337,198.34148405168017,49.6029008945377,167.5873864551384,397.4888869463058,1548.0,0.10826058556533487,30292.988146647665,30226.85402897433,-148.73858315714247,-30.754097596541783,199.14740289462563
CA_WIND_ALTA,2026-09-14 09:00:00+00:00,wind,CISO,42,0.0,17.0,0.0,7.808540401805337,198.81999185397612,49.81674861532602,168.06589425743434,400.68660607209574,1548.0,0.10856969913270952,30450.81891346927,30950.623832664005,-149.0032432386501,-30.754097596541783,201.86661421811962
CA_WIND_ALTA,2026-09-14 10:00:00+00:00,wind,CISO,43,0.0,16.3,0.0,7.808540401805337,199.28109109335583,51.03905119653919,168.52699349681404,400.83562351980265,1548.0,0.10886756685840701,27893.572203437096,29382.301877726048,-148.24203989681664,-30.754097596541783,201.55453242644683
CA_WIND_ALTA,2026-09-14 11:00:00+00:00,wind,CISO,44,0.0,15.5,0.0,7.270020374094625,139.94619608794108,37.337610765180955,147.6793965707348,332.32509879045546,1548.0,0.09540012698367882,31037.034076871,29662.635357356143,-102.60858532276012,7.733200482793734,192.37890270251438
CA_WIND_ALTA,2026-09-14 12:00:00+00:00,wind,CISO,45,0.0,15.0,0.0,7.135390367166946,127.34260501429956,27.481452741340092,125.05889557640137,312.6383817047046,1548.0,0.08078740024315334,32174.77030888769,29519.955055642444,-99.86115227295947,-2.283709437898196,185.29577669040503
CA_WIND_ALTA,2026-09-14 13:00:00+00:00,wind,CISO,46,0.0,14.6,0.0,6.86613035331159,104.22835423715486,24.509499818528994,114.54378421130143,271.32536505547614,1548.0,0.07399469264295958,28706.70904277624,29555.93142766701,-79.71885441862587,10.315429974146568,167.09701081832128
CA_WIND_ALTA,2026-09-14 14:00:00+00:00,wind,CISO,47,76.57792203693829,14.7,0.0,6.462240332528555,74.8524484789688,9.562179549194553,66.48315877906926,182.45229370065067,1548.0,0.042947776989062825,30873.78721991687,31589.222050272896,-65.29026892977424,-8.36928969989954,107.59984522168187
CA_WIND_ALTA,2026-09-14 15:00:00+00:00,wind,CISO,48,298.2517572001093,18.2,0.0,6.058350311745521,51.00407970166766,6.664422772376298,52.274324459550016,158.5975245986031,1548.0,0.033768943449321714,34610.32843372213,33902.89011715576,-44.339656929291365,1.2702447578823524,107.59344489693542
CA_WIND_ALTA,2026-09-14 16:00:00+00:00,wind,CISO,49,501.9372905195148,21.4,0.0,3.9042702009026686,1.3043067076969823,0.7237195189928787,3.5961874112576226,24.582327659650275,1548.0,0.0023231184827245625,34319.524957788184,35346.77615611139,-0.5805871887041036,2.2918807035606403,23.278020951953295
CA_WIND_ALTA,2026-09-14 17:00:00+00:00,wind,CISO,50,673.7345000026742,23.2,0.0,2.28871011777053,0.0,0.0,0.7823501874194273,4.542741316109762,1548.0,0.0005053941779195267,37436.76159323566,37794.659742973614,0.0,0.7823501874194273,4.542741316109762
CA_WIND_ALTA,2026-09-14 18:00:00+00:00,wind,CISO,51,801.917173696164,24.9,0.0,2.9618601524089216,0.0,0.0,1.117392982175244,12.32519522889627,1548.0,0.0007218300918444728,36610.91369117491,37064.74628616537,0.0,1.117392982175244,12.32519522889627
CA_WIND_ALTA,2026-09-14 19:00:00+00:00,wind,CISO,52,877.732512168807,26.6,0.0,3.365750173191956,0.0847245218795212,0.003697203621932349,1.9151759450783803,14.903315708716386,1548.0,0.00123719376297053,36369.00870598588,36126.29200743514,-0.08102731825758885,1.8304514231988591,14.818591186836866
CA_WIND_ALTA,2026-09-14 20:00:00+00:00,wind,CISO,53,895.9980182577466,28.4,0.0,4.038900207830347,1.9279866996911788,0.4882775371827006,4.358108455013431,46.5365463780333,1548.0,0.002815315539414361,35945.08826353656,34618.55223217022,-1.4397091625084781,2.4301217553222525,44.60855967834212
CA_WIND_ALTA,2026-09-14 21:00:00+00:00,wind,CISO,54,855.4549694724133,29.9,0.0,6.058350311745521,48.894383366636056,8.864055376433868,52.18362242962467,157.647130680264,1548.0,0.033710350406734285,33342.632485649214,33316.899657123155,-40.03032799020219,3.2892390629886137,108.75274731362796
CA_WIND_ALTA,2026-09-14 22:00:00+00:00,wind,CISO,55,758.854364308707,30.7,0.0,7.808540401805337,189.3670934029582,31.09747274274895,150.6133904345549,377.26200879115504,1548.0,0.0972954718569476,30869.64700834537,29907.75807891509,-158.26962066020926,-38.7537029684033,187.89491538819684
CA_WIND_ALTA,2026-09-14 23:00:00+00:00,wind,CISO,56,612.769473995287,30.4,0.0,8.481690436443728,280.68663160498915,49.3186013252444,197.17107550633895,511.418593667418,1548.0,0.12737149580512852,28373.624170125677,28796.825524853917,-231.36803027974474,-83.5155560986502,230.73196206242886
CA_WIND_ALTA,2026-09-15 00:00:00+00:00,wind,CISO,57,427.3831958805862,29.6,0.0,9.020210464154442,372.6747489550911,94.56234691407082,280.01325377848553,634.3874865819814,1548.0,0.1808871148439829,27558.429337991696,27245.8392209503,-278.1124020410203,-92.66149517660557,261.7127376268903
CA_WIND_ALTA,2026-09-15 01:00:00+00:00,wind,CISO,58,214.75108043384688,27.9,0.0,9.82799050572051,546.9511518018147,132.3070025332117,368.37772794009356,805.9911857125778,1548.0,0.23797010848843253,22215.2786169958,24012.30931545199,-414.64414926860303,-178.57342386172115,259.0400339107631
CA_WIND_ALTA,2026-09-15 02:00:00+00:00,wind,CISO,59,0.0,25.5,0.0,8.750950450299085,329.7255687028184,98.43886302649099,292.50756610485394,586.3932391229139,1548.0,0.18895837603672735,22334.130019671724,23528.140377613592,-231.28670567632741,-37.21800259796447,256.6676704200955
CA_WIND_ALTA,2026-09-15 03:00:00+00:00,wind,CISO,60,0.0,23.2,0.0,6.731500346383912,90.85990974303934,27.264573855525185,104.71430440095048,269.43843278442375,1548.0,0.06764489948381815,22887.32612187964,22267.03403515684,-63.59533588751415,13.854394657911143,178.57852304138441
CA_WIND_ALTA,2026-09-15 04:00:00+00:00,wind,CISO,61,0.0,21.6,0.0,5.3852002771071295,23.88001550131621,5.4199104919286825,43.62087824097627,169.71013854507123,1548.0,0.028178861912775365,22131.434158674,22598.20526260353,-18.460105009387526,19.74086273966006,145.830123043755
CA_WIND_ALTA,2026-09-15 05:00:00+00:00,wind,CISO,62,0.0,20.7,0.0,5.1159402632517725,16.735633981785167,4.414237785408911,26.779885987268635,159.1569899961905,1548.0,0.017299667950431936,23512.301191232527,23044.56513823159,-12.321396196376256,10.044252005483468,142.42135601440535
CA_WIND_ALTA,2026-09-15 06:00:00+00:00,wind,CISO,63,0.0,19.8,0.8,4.308160221685704,3.966860890601848,1.6996614492291275,14.960330999336637,109.56837204573478,1548.0,0.009664296511199377,26634.708068653155,26138.54493013068,-2.2671994413727203,10.99347010873479,105.60151115513293
CA_WIND_ALTA,2026-09-15 07:00:00+00:00,wind,CISO,64,0.0,19.166666666666668,0.9333333333333332,3.971585204366508,1.628506425895636,0.6778347052924363,8.786213476744432,103.09448630944082,1548.0,0.00567584849918891,30642.89053554465,29287.473299132995,-0.9506717206031998,7.1577070508487965,101.46597988354519
CA_WIND_ALTA,2026-09-15 08:00:00+00:00,wind,CISO,65,0.0,18.53333333333333,1.0666666666666669,3.6350101870473126,0.4555893383150454,0.6793077647891682,6.585640312517005,72.9229901614588,1548.0,0.004254289607569125,30995.520948818456,30139.115947186045,0.22371842647412282,6.13005097420196,72.46740082314375
CA_WIND_ALTA,2026-09-15 09:00:00+00:00,wind,CISO,66,0.0,17.9,1.2000000000000002,3.298435169728117,0.047387980097154,0.196611976662632,4.318948067295589,66.97418213186505,1548.0,0.0027900181313279,32443.807909982,31328.67326952635,0.149223996565478,4.271560087198435,66.9267941517679
CA_WIND_ALTA,2026-09-15 10:00:00+00:00,wind,CISO,67,0.0,17.266666666666666,1.3333333333333337,2.9618601524089216,0.0,0.0,3.261820120055934,31.89102333547703,1548.0,0.0021071189406046084,30727.046031137183,30847.613824061384,0.0,3.261820120055934,31.89102333547703
CA_WIND_ALTA,2026-09-15 11:00:00+00:00,wind,CISO,68,0.0,16.633333333333333,1.4666666666666668,2.625285135089725,0.0,0.0,2.5402706093190326,24.950076737451905,1548.0,0.0016410016856066101,30401.985894217185,31163.624285239708,0.0,2.5402706093190326,24.950076737451905
CA_WIND_ALTA,2026-09-15 12:00:00+00:00,wind,CISO,69,0.0,16.0,1.6,2.28871011777053,0.0,0.0,1.3222959749068606,18.918512852831856,1548.0,0.0008541963662189022,29697.70083390112,30478.078539842303,0.0,1.3222959749068606,18.918512852831856
CA_WIND_ALTA,2026-09-15 13:00:00+00:00,wind,CISO,70,0.0,16.0,1.6,2.28871011777053,0.0,0.0,1.4679999417921579,18.934039602706942,1548.0,0.0009483203758347273,31543.57968086702,32091.756231537907,0.0,1.4679999417921579,18.934039602706942
CA_WIND_ALTA,2026-09-15 14:00:00+00:00,wind,CISO,71,73.91155153113844,16.0,1.6,2.28871011777053,0.0,0.0,0.7229649631998397,16.861102663199038,1548.0,0.00046703162997405667,31421.805840700246,32715.50853134632,0.0,0.7229649631998397,16.861102663199038
TX_WIND_ROSCOE,2026-09-12 15:00:00+00:00,wind,ERCO,0,554.7059617681919,28.9,0.0,7.53928038794998,81.17582714936715,22.63982429630746,77.96497954473021,215.2432922535648,781.5,0.09976324957738991,58137.883360487656,54885.715664323405,-58.53600285305969,-3.210847604636939,134.06746510419765
TX_WIND_ROSCOE,2026-09-12 16:00:00+00:00,wind,ERCO,1,724.8409483298296,31.4,0.0,7.943170408733017,103.95843450152972,35.50163054193982,103.43071676830046,231.5911668282386,781.5,0.1323489657943704,61163.42303659209,59171.7757739879,-68.4568039595899,-0.5277177332292666,127.63273232670889
TX_WIND_ROSCOE,2026-09-12 17:00:00+00:00,wind,ERCO,2,848.2367516942626,34.0,0.0,8.077800415660693,111.7320966313786,42.40498409137189,114.35396243728667,240.1669048977043,781.5,0.14632624752052037,60500.53351031735,61612.50013791737,-69.32711254000671,2.6218658059080724,128.43480826632572
TX_WIND_ROSCOE,2026-09-12 18:00:00+00:00,wind,ERCO,3,916.467395287502,36.0,0.0,7.808540401805337,94.2230915145468,31.03435872508289,93.08462185033832,213.53425654957533,781.5,0.1191102007042077,62085.79047912591,60605.08175688284,-63.188732789463906,-1.138469664208472,119.31116503502854
TX_WIND_ROSCOE,2026-09-12 19:00:00+00:00,wind,ERCO,4,923.122345662634,37.5,17.2,6.596870339456234,39.21442836315264,8.861447716199205,52.99782988881291,110.62968861320695,781.5,0.06781552129086744,56176.23449762112,57083.71249573009,-30.352980646953437,13.783401525660267,71.4152602500543
TX_WIND_ROSCOE,2026-09-12 20:00:00+00:00,wind,ERCO,5,845.9742073179958,38.1,39.1,5.519830284034807,13.44364890300032,4.894600061610971,22.158689927207803,55.97361946472533,781.5,0.028354049810886503,55845.650353346566,56089.11530849701,-8.549048841389348,8.715041024207483,42.52997056172501
TX_WIND_ROSCOE,2026-09-12 21:00:00+00:00,wind,ERCO,6,763.0900116762971,38.2,14.8,5.654460290962486,15.696574566964436,5.010721276476067,25.233878531177425,57.399920626843034,781.5,0.03228903202965761,53129.1064088414,52963.14653415806,-10.68585329048837,9.537303964212988,41.7033460598786
TX_WIND_ROSCOE,2026-09-12 22:00:00+00:00,wind,ERCO,7,605.2789855385493,38.2,11.7,5.789090297890164,18.195425470823235,6.414350554506008,26.54681210893034,66.92541505324478,781.5,0.03396904940362168,46054.91438590257,50119.7590394538,-11.781074916317227,8.351386638107105,48.72998958242154
TX_WIND_ROSCOE,2026-09-12 23:00:00+00:00,wind,ERCO,8,407.1805813991344,37.7,20.3,6.058350311745521,24.0336868001047,7.208102019738355,37.39846518245009,81.60170456847139,781.5,0.04785472192252091,45947.08612563512,45640.99403167701,-16.825584780366345,13.364778382345389,57.56801776836669
TX_WIND_ROSCOE,2026-09-13 00:00:00+00:00,wind,ERCO,9,186.26387662731,36.6,10.2,7.135390367166946,59.63950160059153,21.91531472319388,81.15264018278931,174.9792520087256,781.5,0.1038421499459876,38265.65329345952,39696.15676527975,-37.72418687739765,21.513138582197783,115.33975040813408
TX_WIND_ROSCOE,2026-09-13 01:00:00+00:00,wind,ERCO,10,0.0,34.7,6.2,8.750950450299085,161.5337256258683,85.67654096687428,188.8979030171426,343.5958855048683,781.5,0.24171196803217224,35389.02988929794,36274.45120848049,-75.85718465899402,27.364177391274296,182.062159879
TX_WIND_ROSCOE,2026-09-13 02:00:00+00:00,wind,ERCO,11,0.0,33.1,3.1,10.63577054728658,380.637356710779,186.78730607109154,334.0433471943955,627.0899106601142,781.5,0.4274387040235387,34476.247725409936,36352.15197525834,-193.85005063968745,-46.594009516383494,246.45255394933525
TX_WIND_ROSCOE,2026-09-13 03:00:00+00:00,wind,ERCO,12,0.0,31.7,0.8,10.501140540358902,363.01629634108735,157.14860859936746,331.1749918865762,614.4653258785878,781.5,0.4237683837320233,32415.528610771515,34232.57802436276,-205.8676877417199,-31.841304454511146,251.44902953750045
TX_WIND_ROSCOE,2026-09-13 04:00:00+00:00,wind,ERCO,13,0.0,30.5,0.0,9.96262051264819,291.71687551968586,140.6757004685019,298.41648611739015,513.4011700029752,781.5,0.3818509099390789,33644.811014112456,34793.492204166374,-151.04117505118396,6.699610597704293,221.6842944832893
TX_WIND_ROSCOE,2026-09-13 05:00:00+00:00,wind,ERCO,14,0.0,29.3,0.0,9.558730491865154,244.87875246388512,126.23330214626607,238.52065897272377,475.0550109652079,781.5,0.30520877667654994,37400.19099662753,36349.829757009255,-118.64545031761905,-6.358093491161355,230.17625850132276
TX_WIND_ROSCOE,2026-09-13 06:00:00+00:00,wind,ERCO,15,0.0,28.3,0.0,9.693360498792831,261.15935069206364,130.6783809544745,240.24759879802875,488.53636618733924,781.5,0.3074185525246689,40806.69732293227,38558.30666141864,-130.48096973758913,-20.911751894034893,227.3770154952756
TX_WIND_ROSCOE,2026-09-13 07:00:00+00:00,wind,ERCO,16,0.0,27.6,0.0,8.885580457226762,178.0242270762261,106.58020094970027,189.79589856076277,354.2851636851367,781.5,0.2428610346266958,43767.41487213137,43806.059641513,-71.44402612652584,11.771671484536654,176.26093660891058
TX_WIND_ROSCOE,2026-09-13 08:00:00+00:00,wind,ERCO,17,0.0,27.0,0.0,8.885580457226762,178.39770494854872,104.57981927162929,186.9273528349983,351.47619137945105,781.5,0.23919047067818078,47835.85076042656,46075.193993188856,-73.81788567691943,8.529647886449567,173.07848643090233
TX_WIND_ROSCOE,2026-09-13 09:00:00+00:00,wind,ERCO,18,0.0,26.2,0.0,7.808540401805337,97.529167605517,42.49471253807081,118.44919424491911,237.45713750708086,781.5,0.15156646736394,46008.53400033517,46437.585838555286,-55.034455067446196,20.92002663940211,139.92796990156387
TX_WIND_ROSCOE,2026-09-13 10:00:00+00:00,wind,ERCO,19,0.0,25.6,0.0,7.270020374094625,68.44498544132368,25.70950189133567,101.14387771305766,202.2922403297179,781.5,0.12942274819329194,43226.990430067664,46327.15990784463,-42.73548354998801,32.69889227173398,133.84725488839422
TX_WIND_ROSCOE,2026-09-13 11:00:00+00:00,wind,ERCO,20,0.0,25.0,0.0,6.731500346383912,45.77844870766779,18.27870625609115,65.6990676253406,146.97150912279113,781.5,0.08406790483089009,46195.68375897616,45954.55645317823,-27.49974245157664,19.92061891767281,101.19306041512334
TX_WIND_ROSCOE,2026-09-13 12:00:00+00:00,wind,ERCO,21,0.0,24.5,0.0,6.327610325600878,32.53181667862435,12.472725299816116,51.2120636954767,101.61986704318483,781.5,0.06553047177924082,46640.0823199542,45923.77751098906,-20.059091378808237,18.68024701685235,69.08805036456047
TX_WIND_ROSCOE,2026-09-13 13:00:00+00:00,wind,ERCO,22,120.78423769324245,24.5,0.0,6.327610325600878,32.554278970669166,10.140910533940463,44.55416739255001,90.58396141415585,781.5,0.05701109071343572,44589.07852362228,45268.17261007281,-22.413368436728703,11.999888421880847,58.029682443486685
TX_WIND_ROSCOE,2026-09-13 14:00:00+00:00,wind,ERCO,23,347.31027398944894,26.3,0.0,6.058350311745521,25.136842530889474,7.828811687143606,38.50162091323486,82.95074805522043,781.5,0.04926630954988466,50008.53362220929,49485.08787463382,-17.30803084374587,13.364778382345385,57.813905524330956
TX_WIND_ROSCOE,2026-09-13 15:00:00+00:00,wind,ERCO,24,552.6065745984456,28.4,0.0,6.192980318673198,28.405520150037816,7.903001114733264,41.67159093188421,86.77597325765501,781.5,0.053322573169397584,52699.25327918481,51663.935463289126,-20.50251903530455,13.266070781846395,58.370453107617195
TX_WIND_ROSCOE,2026-09-13 16:00:00+00:00,wind,ERCO,25,722.6639488578995,30.7,0.0,6.327610325600878,31.90258894390856,9.193913409389118,42.83319723681137,89.16368015206035,781.5,0.054808953597967204,54059.70790562456,55744.25841550728,-22.708675534519443,10.93060829290281,57.26109120815179
TX_WIND_ROSCOE,2026-09-13 17:00:00+00:00,wind,ERCO,26,845.8753675001303,32.8,0.8,6.86613035331159,49.68485267606856,15.869363128221138,64.86776586608897,139.13597221469308,781.5,0.08300417897132306,53728.57860687154,56657.14050053014,-33.81548954784742,15.182913190020415,89.45111953862452
TX_WIND_ROSCOE,2026-09-13 18:00:00+00:00,wind,ERCO,27,910.3723865720236,34.5,21.1,7.135390367166946,60.4279589112034,16.145749168761846,73.92410727768124,166.1209361786956,781.5,0.09459258768737204,56816.00319207985,57259.41412790936,-44.28220974244155,13.496148366477847,105.69297726749218
TX_WIND_ROSCOE,2026-09-13 19:00:00+00:00,wind,ERCO,28,920.3951452966884,35.3,16.4,7.270020374094625,66.28601473915447,16.270208383273925,78.85988313490324,179.47662966826658,781.5,0.10090835973756013,55203.10436299737,55613.93108494456,-50.01580635588054,12.573868395748775,113.19061492911212
TX_WIND_ROSCOE,2026-09-13 20:00:00+00:00,wind,ERCO,29,868.0600595952887,36.3,16.4,7.53928038794998,79.29731698445468,20.723467175264723,75.94349331171853,212.3524653388734,781.5,0.09717657493502051,51786.0446511163,52433.23926463335,-58.57384980918996,-3.353823672736155,133.05514835441872
TX_WIND_ROSCOE,2026-09-13 21:00:00+00:00,wind,ERCO,30,750.9411855607973,36.9,29.7,7.67391039487766,86.30284108058216,25.58413648426106,83.09199347594522,216.68659007996422,781.5,0.10632372805623189,50990.04454020857,49286.99948337365,-60.718704596321096,-3.210847604636939,130.38374899938208
TX_WIND_ROSCOE,2026-09-13 22:00:00+00:00,wind,ERCO,31,596.3453567437255,36.4,26.6,8.077800415660693,110.74521478478118,41.294047230914444,113.51005665878849,240.3047352034964,781.5,0.14524639367727255,48199.048663596266,45453.836584020086,-69.45116755386674,2.7648418740073026,129.5595204187152
TX_WIND_ROSCOE,2026-09-13 23:00:00+00:00,wind,ERCO,32,398.1317247999927,35.6,31.2,7.943170408733017,102.42257289920592,33.99821594770479,101.89485516597665,231.47452269611392,781.5,0.13038369183106419,40563.33169864372,41163.60597744239,-68.42435695150112,-0.5277177332292666,129.051949796908
TX_WIND_ROSCOE,2026-09-14 00:00:00+00:00,wind,ERCO,33,152.63401599243306,34.4,63.3,8.481690436443728,140.26285259146195,57.59722693777482,161.335330318003,313.3137944363906,781.5,0.2064431609955253,46676.40713792289,45561.91554485067,-82.66562565368713,21.072477726541052,173.05094184492864
TX_WIND_ROSCOE,2026-09-14 01:00:00+00:00,wind,ERCO,34,0.0,33.2,35.2,8.750950450299085,162.66262814340993,88.6986865498647,189.58677658168796,349.4355626748315,781.5,0.2425934441224414,43215.4213764858,41837.60086446017,-73.96394159354523,26.924148438278024,186.77293453142155
TX_WIND_ROSCOE,2026-09-14 02:00:00+00:00,wind,ERCO,35,0.0,32.4,21.9,8.077800415660693,112.31717715702158,56.93987668574183,148.79088729635453,264.51730273519166,781.5,0.19039141048797764,41815.95661243524,40797.62843935027,-55.377300471279746,36.47371013933295,152.2001255781701
TX_WIND_ROSCOE,2026-09-14 03:00:00+00:00,wind,ERCO,36,0.0,31.4,15.6,8.885580457226762,175.6641192451811,104.08712592215618,199.69221144566396,355.7239915635447,781.5,0.25552426288632624,40749.666511909934,39308.53617070162,-71.57699332302492,24.02809220048286,180.0598723183636
TX_WIND_ROSCOE,2026-09-14 04:00:00+00:00,wind,ERCO,37,0.0,30.4,10.2,8.34706042951605,132.3001894794525,56.716370234949,176.74007389304586,389.7597206542157,781.5,0.22615492500709644,39235.77358174598,39777.68644238014,-75.58381924450352,44.43988441359335,257.4595311747632
TX_WIND_ROSCOE,2026-09-14 05:00:00+00:00,wind,ERCO,38,0.0,29.5,5.5,8.077800415660693,113.71860185058542,49.105648918907306,138.38141349676224,329.1096958133446,781.5,0.17707154638101374,41066.93727620274,40030.42068335877,-64.61295293167811,24.66281164617682,215.39109396275921
TX_WIND_ROSCOE,2026-09-14 06:00:00+00:00,wind,ERCO,39,0.0,28.8,22.7,8.077800415660693,114.0271906323058,49.241404506424956,138.78010683084,328.6920218304102,781.5,0.17758171059608446,50634.24705335298,47283.86078290871,-64.78578612588085,24.752916198534194,214.66483119810442
TX_WIND_ROSCOE,2026-09-14 07:00:00+00:00,wind,ERCO,40,0.0,28.1,2.3,8.481690436443728,143.83396362251804,60.707085216715896,170.34066433087256,396.42472526491406,781.5,0.21796630112715618,52326.51699346398,50894.9294260268,-83.12687840580215,26.506700708354515,252.59076164239602
TX_WIND_ROSCOE,2026-09-14 08:00:00+00:00,wind,ERCO,41,0.0,27.4,2.3,8.34706042951605,133.7921804153742,48.70247057699382,163.9797027462405,382.08761866548497,781.5,0.20982687491521496,52421.37259539876,53583.944779758654,-85.08970983838037,30.1875223308663,248.29543825011078
TX_WIND_ROSCOE,2026-09-14 09:00:00+00:00,wind,ERCO,42,0.0,26.7,2.3,8.616320443371407,155.40098608738472,65.28350369188442,177.1889178127957,408.3455852786175,781.5,0.22672926143671873,55723.36989773722,54562.82209356663,-90.1174823955003,21.78793172541097,252.94459919123275
TX_WIND_ROSCOE,2026-09-14 10:00:00+00:00,wind,ERCO,43,0.0,25.9,0.8,8.616320443371407,155.801349222459,63.098456312857905,176.91155339603054,408.65400135540733,781.5,0.22637434855538138,56337.50903030327,53953.657829475946,-92.7028929096011,21.110204173571532,252.85265213294832
TX_WIND_ROSCOE,2026-09-14 11:00:00+00:00,wind,ERCO,44,0.0,25.2,0.8,8.481690436443728,145.2463594648001,54.030695141075284,165.84509486515563,392.3962524548663,781.5,0.21221381300723688,55496.65168312971,54789.07705048464,-91.21566432372481,20.598735400355537,247.14989299006623
TX_WIND_ROSCOE,2026-09-14 12:00:00+00:00,wind,ERCO,45,0.0,24.7,0.0,8.34706042951605,135.07152651610744,41.48804434696234,159.47991983502934,382.1158963982475,781.5,0.20406899531033823,52729.15241592762,53789.835492595455,-93.5834821691451,24.408393318921895,247.04436988214007
TX_WIND_ROSCOE,2026-09-14 13:00:00+00:00,wind,ERCO,46,118.49368668593549,24.6,0.0,7.943170408733017,106.79531371423914,27.237734898538292,110.13685293507729,293.14246092832263,781.5,0.14093007413317632,57072.994388290215,54148.54926438701,-79.55757881570085,3.3415392208381434,186.3471472140835
TX_WIND_ROSCOE,2026-09-14 14:00:00+00:00,wind,ERCO,47,345.15391096966937,26.0,0.0,8.616320443371407,155.97952995107957,42.74925739449576,156.07291494073547,391.1714326434444,781.5,0.1997094241084267,54951.89947299963,57465.54869030254,-113.23027255658381,0.09338498965590247,235.19190269236483
TX_WIND_ROSCOE,2026-09-14 15:00:00+00:00,wind,ERCO,48,550.4750441125645,27.9,0.0,8.885580457226762,178.35591051320318,65.13848353710044,169.87427134620242,409.2131312519123,781.5,0.21736950908023342,64271.97286631766,63159.117016244905,-113.21742697610274,-8.481639167000765,230.8572207387091
TX_WIND_ROSCOE,2026-09-14 16:00:00+00:00,wind,ERCO,49,720.4462421501245,30.2,0.0,9.2894704780098,215.93757931654537,56.827389705854614,215.72135199952032,496.8864812490516,781.5,0.27603499935959097,65155.95514333521,65192.86376412417,-159.11018961069075,-0.21622731702504439,280.94890193250626
TX_WIND_ROSCOE,2026-09-14 17:00:00+00:00,wind,ERCO,50,843.4664897328671,32.4,0.0,9.558730491865154,242.96875183714,64.67138223333518,218.4092181482207,522.4446065329264,781.5,0.2794743674321442,62622.721351712426,65353.0611721962,-178.2973696038048,-24.559533688919288,279.47585469578644
TX_WIND_ROSCOE,2026-09-14 18:00:00+00:00,wind,ERCO,51,911.135674141906,34.1,0.0,9.693360498792831,256.55829860286275,66.78239780006706,217.67347460441297,530.3156544433454,781.5,0.2785329169602213,69265.32826877986,66430.04486700827,-189.7759008027957,-38.884823998449775,273.7573558404826
TX_WIND_ROSCOE,2026-09-14 19:00:00+00:00,wind,ERCO,52,918.8274352957088,35.2,0.0,9.558730491865154,240.193217715914,61.89584811210918,213.8575649532001,506.3111893233348,781.5,0.2736501151032631,63355.28474141354,62593.14647261416,-178.2973696038048,-26.33565276271389,266.1179716074208
TX_WIND_ROSCOE,2026-09-14 20:00:00+00:00,wind,ERCO,53,866.0047257693315,36.1,0.0,9.558730491865154,239.23405154033316,78.24816628824189,221.5068242789207,514.9467932637729,781.5,0.2834380349058486,61082.26236790625,63682.94230259011,-160.98588525209126,-17.72722726141245,275.7127417234397
TX_WIND_ROSCOE,2026-09-14 21:00:00+00:00,wind,ERCO,54,756.2565145248265,36.4,0.8,9.693360498792831,253.7731446164383,62.47641166109398,216.9684118466753,527.9379043946448,781.5,0.2776307253316383,57271.76728383304,56090.47427224168,-191.2967329553443,-36.80473276976298,274.1647597782065
TX_WIND_ROSCOE,2026-09-14 22:00:00+00:00,wind,ERCO,55,596.9768205348851,36.0,7.8,9.693360498792831,253.92548875974845,63.96866332354418,217.12075598998547,529.1179155406579,781.5,0.27782566345487586,53308.05729360578,54125.68063785028,-189.95682543620427,-36.80473276976298,275.1924267809095
TX_WIND_ROSCOE,2026-09-14 23:00:00+00:00,wind,ERCO,56,398.6973690313914,35.4,15.6,9.693360498792831,254.29330445207884,66.15951110436075,217.48857168231586,529.7802365507981,781.5,0.27829631693194606,46401.43583900751,49712.14528535365,-188.1337933477181,-36.80473276976298,275.4869320987193
TX_WIND_ROSCOE,2026-09-15 00:00:00+00:00,wind,ERCO,57,175.8732165655614,34.4,19.5,10.097250519575868,304.0558805410262,95.02243285752209,280.6966298039919,575.146965844408,781.5,0.3591767495892411,43839.78508109074,44922.95291908273,-209.03344768350414,-23.3592507370343,271.09108530338176
TX_WIND_ROSCOE,2026-09-15 01:00:00+00:00,wind,ERCO,58,0.0,33.1,25.0,9.2894704780098,212.60820454909037,92.87561963652178,233.71568244140113,511.5127940234621,781.5,0.2990603742052478,43241.07493870201,42845.85191846274,-119.7325849125686,21.107477892310754,298.90458947437173
TX_WIND_ROSCOE,2026-09-15 02:00:00+00:00,wind,ERCO,59,0.0,32.0,26.6,8.885580457226762,175.0416187514654,92.900363126377,199.81174834087278,432.6176794481489,781.5,0.2556772211655442,42451.03823667616,41527.07733447143,-82.14125562508839,24.77012958940739,257.5760606966835
TX_WIND_ROSCOE,2026-09-15 03:00:00+00:00,wind,ERCO,60,0.0,31.0,23.4,10.231880526503543,326.25250812698977,120.37730538879188,320.8517870392934,621.1836212558719,781.5,0.4105589085595565,40189.1652444117,39957.61995988833,-205.87520273819788,-5.400721087696354,294.93111312888215
TX_WIND_ROSCOE,2026-09-15 04:00:00+00:00,wind,ERCO,61,0.0,30.2,20.3,10.63577054728658,385.3794753395546,137.06357538900005,338.55630902565866,675.1803396851176,781.5,0.43321344724972316,40017.63282726426,39954.473778220265,-248.31589995055452,-46.82316631389591,289.800864345563
TX_WIND_ROSCOE,2026-09-15 05:00:00+00:00,wind,ERCO,62,0.0,29.5,14.1,10.501140540358902,366.2696527563385,110.48077181685557,321.78670773339945,663.2377629235361,781.5,0.4117552242269987,43244.91066224709,42545.059316622544,-255.7888809394829,-44.48294502293902,296.96811016719766
TX_WIND_ROSCOE,2026-09-15 06:00:00+00:00,wind,ERCO,63,0.0,28.7,3.9,10.097250519575868,311.05625098300766,95.86938934174262,296.25614744855335,608.5966917510339,781.5,0.3790865610346172,46912.10005398126,47261.08362591291,-215.18686164126504,-14.800103534454308,297.5404407680262
TX_WIND_ROSCOE,2026-09-15 07:00:00+00:00,wind,ERCO,64,0.0,27.966666666666665,3.25,9.850428840208457,280.45546718179435,82.38904647792279,250.5925751952718,596.3837487948623,781.5,0.32065588636631065,54790.73693686848,52623.01542706126,-198.06642070387156,-29.862891986522555,315.92828161306795
TX_WIND_ROSCOE,2026-09-15 08:00:00+00:00,wind,ERCO,65,0.0,27.23333333333333,2.6,9.603607160841047,251.8830744161078,99.31272569833928,241.31690870004383,565.0640145821237,781.5,0.3087868313500241,55126.72193139019,54841.41180694344,-152.57034871776852,-10.566165716063978,313.18094016601594
TX_WIND_ROSCOE,2026-09-15 09:00:00+00:00,wind,ERCO,66,0.0,26.5,1.95,9.356785481473638,225.27614143765612,96.0900416594722,236.32127082036368,538.8765306386318,781.5,0.3023944604227302,56610.360714598864,56033.92547179353,-129.18609977818392,11.045129382707557,313.6003892009757
TX_WIND_ROSCOE,2026-09-15 10:00:00+00:00,wind,ERCO,67,0.0,25.766666666666666,1.2999999999999998,9.109963802106227,200.57105685023123,84.44364554658486,193.64300731438203,497.43938551074586,781.5,0.24778375855966991,55085.69486227143,54062.40359520256,-116.12741130364637,-6.928049535849198,296.86832866051463
TX_WIND_ROSCOE,2026-09-15 11:00:00+00:00,wind,ERCO,68,0.0,25.03333333333333,0.6499999999999999,8.863142122738818,177.7035207461443,86.33012365320724,182.83795373619395,451.60380264273107,781.5,0.23395771431374787,53655.70233369807,55717.292838627145,-91.37339709293707,5.134432990049646,273.90028189658676
TX_WIND_ROSCOE,2026-09-15 12:00:00+00:00,wind,ERCO,69,0.0,24.3,0.0,8.616320443371407,156.60853621894262,61.075888713868935,173.85492953464322,436.7470852309529,781.5,0.22246312160542958,52688.75444409736,54029.93634860373,-95.53264750507368,17.2463933157006,280.1385490120103
TX_WIND_ROSCOE,2026-09-15 13:00:00+00:00,wind,ERCO,70,116.19025980834616,24.3,0.0,8.616320443371407,156.60853621894262,47.055528893449875,157.85214605649318,415.0266660766538,781.5,0.20198611139666434,57361.18782925338,54448.19476331998,-109.55300732549274,1.243609837550565,258.41812985771116
TX_WIND_ROSCOE,2026-09-15 14:00:00+00:00,wind,ERCO,71,342.974513320134,24.3,0.0,8.616320443371407,156.60853621894262,39.14728124407657,157.28869030482866,414.62753740557423,781.5,0.20126511875217998,58379.23088327951,57702.0509139708,-117.46125497486605,0.6801540858860449,258.0190011866316
TX_WIND_CAPRICORN,2026-09-12 15:00:00+00:00,wind,ERCO,0,551.8954544019256,29.0,0.0,8.34706042951605,112.44084801567048,49.22299876419301,124.7073169371904,260.61696210884065,662.5,0.18823745952783458,58137.883360487656,54885.715664323405,-63.217849251477475,12.266468921519916,148.17611409317016
TX_WIND_CAPRICORN,2026-09-12 16:00:00+00:00,wind,ERCO,1,723.6716258307584,32.0,0.0,8.481690436443728,119.93492884861722,45.882337502359576,131.64203292138725,266.67563672838963,662.5,0.19870495535303737,61163.42303659209,59171.7757739879,-74.05259134625764,11.707104072770036,146.7407078797724
TX_WIND_CAPRICORN,2026-09-12 17:00:00+00:00,wind,ERCO,2,848.7616561209888,34.7,0.0,8.212430422588373,102.20078631616452,38.60180228586179,100.08126604743966,233.85258945533343,662.5,0.15106606195839947,60500.53351031735,61612.50013791737,-63.59898403030274,-2.1195202687248695,131.65180313916892
TX_WIND_CAPRICORN,2026-09-12 18:00:00+00:00,wind,ERCO,3,918.5063117729002,36.9,7.8,7.404650381022303,61.19519946780735,18.38892662547879,71.73467542895897,177.2431079645722,662.5,0.10827875536446636,62085.79047912591,60605.08175688284,-42.80627284232856,10.539475961151616,116.04790849676485
TX_WIND_CAPRICORN,2026-09-12 19:00:00+00:00,wind,ERCO,4,926.9926074715892,37.8,16.4,6.731500346383912,37.07068972126964,12.908093170131583,49.926924451235635,114.43720926206788,662.5,0.07536139539809153,56176.23449762112,57083.71249573009,-24.162596551138055,12.856234729965998,77.36651954079824
TX_WIND_CAPRICORN,2026-09-12 20:00:00+00:00,wind,ERCO,5,873.398423392053,38.0,22.7,6.327610325600878,26.25149764032231,7.699462103696355,37.031990775690105,80.77293030518334,662.5,0.055897344567079406,55845.650353346566,56089.11530849701,-18.552035536625954,10.780493135367795,54.521432664861024
TX_WIND_CAPRICORN,2026-09-12 21:00:00+00:00,wind,ERCO,6,764.9498729226104,38.1,24.2,6.192980318673198,23.1665479103494,7.215929117435987,37.67943903631678,77.68798057521043,662.5,0.056874624960478154,53129.1064088414,52963.14653415806,-15.950618792913414,14.512891125967379,54.52143266486103
TX_WIND_CAPRICORN,2026-09-12 22:00:00+00:00,wind,ERCO,7,611.2514521239824,37.9,12.5,6.731500346383912,36.97434710336865,12.903291670750914,50.51793179563465,124.92346763266266,662.5,0.07625348195567495,46054.91438590257,50119.7590394538,-24.071055432617737,13.543584692266002,87.94912052929402
TX_WIND_CAPRICORN,2026-09-12 23:00:00+00:00,wind,ERCO,8,414.4978084799573,37.5,8.6,6.731500346383912,37.02563147844152,13.426417588024574,50.56921617070752,124.39089180768107,662.5,0.07633089233314343,45947.08612563512,45640.99403167701,-23.599213890416944,13.543584692266002,87.36526032923956
TX_WIND_CAPRICORN,2026-09-13 00:00:00+00:00,wind,ERCO,9,191.89140012125864,36.5,7.0,6.731500346383912,37.15626570516062,14.02204148117415,55.23603315155813,131.31545746883603,662.5,0.08337514437971039,38265.65329345952,39696.15676527975,-23.13422422398647,18.07976744639751,94.15919176367541
TX_WIND_CAPRICORN,2026-09-13 01:00:00+00:00,wind,ERCO,10,0.0,34.7,8.6,6.86613035331159,41.59533101111438,19.149721323609107,74.40710953326482,152.8936299543439,662.5,0.11231261816341859,35389.02988929794,36274.45120848049,-22.445609687505275,32.81177852215043,111.29829894322953
TX_WIND_CAPRICORN,2026-09-13 02:00:00+00:00,wind,ERCO,11,0.0,33.2,5.5,9.558730491865154,204.40159119732104,113.43118383433855,223.98324439724345,400.402570062874,662.5,0.3380879160713109,34476.247725409936,36352.15197525834,-90.97040736298248,19.581653199922414,196.00097886555298
TX_WIND_CAPRICORN,2026-09-13 03:00:00+00:00,wind,ERCO,12,0.0,31.8,3.1,10.231880526503543,275.6845352515582,149.19500608227108,288.65901937450184,497.5319927087032,662.5,0.4357117273577386,32415.528610771515,34232.57802436276,-126.48952916928712,12.974484122943636,221.84745745714503
TX_WIND_CAPRICORN,2026-09-13 04:00:00+00:00,wind,ERCO,13,0.0,30.5,3.1,10.366510533431224,292.87730556222346,155.0082364521644,291.68853946702893,522.4865943887617,662.5,0.44028458787476066,33644.811014112456,34793.492204166374,-137.86906911005906,-1.1887660951945236,229.6092888265382
TX_WIND_CAPRICORN,2026-09-13 05:00:00+00:00,wind,ERCO,14,0.0,29.5,0.8,9.2894704780098,182.93794970932723,105.6462667948081,203.25897265095895,375.213314676508,662.5,0.30680599645427764,37400.19099662753,36349.829757009255,-77.29168291451913,20.321022941631725,192.27536496718076
TX_WIND_CAPRICORN,2026-09-13 06:00:00+00:00,wind,ERCO,15,0.0,28.7,0.8,9.020210464154442,160.89103320733952,86.66181913268063,152.95778576993897,331.31299587550575,662.5,0.23087967663387013,40806.69732293227,38558.30666141864,-74.22921407465888,-7.933247437400553,170.42196266816623
TX_WIND_CAPRICORN,2026-09-13 07:00:00+00:00,wind,ERCO,16,0.0,27.8,0.0,9.2894704780098,184.02582499075743,106.56130888203556,201.90751310209842,374.3177299123066,662.5,0.3047660575126014,43767.41487213137,43806.059641513,-77.46451610872187,17.881688111340992,190.2919049215492
TX_WIND_CAPRICORN,2026-09-13 08:00:00+00:00,wind,ERCO,17,0.0,26.9,0.0,10.231880526503543,280.657534214201,138.81331680218486,260.0801492966436,492.12601255417843,662.5,0.39257381025908467,47835.85076042656,46075.193993188856,-141.84421741201615,-20.577384917557424,211.46847833997742
TX_WIND_CAPRICORN,2026-09-13 09:00:00+00:00,wind,ERCO,18,0.0,26.2,0.0,9.558730491865154,209.8026483794829,116.10862701161288,209.67932479450866,394.60591424517844,662.5,0.31649709402944703,46008.53400033517,46437.585838555286,-93.69402136787001,-0.12332358497423002,184.80326586569555
TX_WIND_CAPRICORN,2026-09-13 10:00:00+00:00,wind,ERCO,19,0.0,25.5,0.0,8.750950450299085,141.77094375473635,81.01613039552848,180.64298365488554,310.0588241760804,662.5,0.27266865457341216,43226.990430067664,46327.15990784463,-60.75481335920787,38.87203990014919,168.28788042134406
TX_WIND_CAPRICORN,2026-09-13 11:00:00+00:00,wind,ERCO,20,0.0,25.0,0.0,7.808540401805337,83.03562596521365,36.521449699156456,101.66891878816459,221.62497035243555,662.5,0.15346251892553145,46195.68375897616,45954.55645317823,-46.5141762660572,18.633292822950935,138.5893443872219
TX_WIND_CAPRICORN,2026-09-13 12:00:00+00:00,wind,ERCO,21,0.0,24.5,0.0,6.86613035331159,43.24684853546631,17.713417166621877,72.94993563692265,144.59067448932382,662.5,0.11011311039535494,46640.0823199542,45923.77751098906,-25.533431368844436,29.703087101456333,101.3438259538575
TX_WIND_CAPRICORN,2026-09-13 13:00:00+00:00,wind,ERCO,22,115.3248090762961,24.5,0.0,6.596870339456234,34.846271270947774,9.29111760862994,51.04607637865166,113.64858819793079,662.5,0.07705068132626666,44589.07852362228,45268.17261007281,-25.555153662317835,16.199805107703888,78.80231692698302
TX_WIND_CAPRICORN,2026-09-13 14:00:00+00:00,wind,ERCO,23,343.0648723539168,26.2,0.0,6.327610325600878,27.451293086511,8.460619588745423,38.45136032129882,82.09236564983078,662.5,0.058039789164224635,50008.53362220929,49485.08787463382,-18.990673497765577,11.00006723478782,54.64107256331978
TX_WIND_CAPRICORN,2026-09-13 15:00:00+00:00,wind,ERCO,24,549.8402885047757,28.2,0.0,6.058350311745521,21.17486969128192,8.22507202775942,34.670381433615745,76.84386595182339,662.5,0.05233265122055207,52699.25327918481,51663.935463289126,-12.9497976635225,13.495511742333825,55.66899626054147
TX_WIND_CAPRICORN,2026-09-13 16:00:00+00:00,wind,ERCO,25,721.5411322591851,30.6,0.0,6.192980318673198,23.901057544088395,7.7119719973982725,38.413948670055774,78.42249020894943,662.5,0.057983318747254,54059.70790562456,55744.25841550728,-16.189085546690123,14.512891125967379,54.52143266486103
TX_WIND_CAPRICORN,2026-09-13 17:00:00+00:00,wind,ERCO,26,846.2436928408636,32.9,9.4,7.135390367166946,51.524790989117285,17.791765875697358,68.42967201408672,150.39429451272875,662.5,0.1032900709646592,53728.57860687154,56657.14050053014,-33.73302511341993,16.904881024969434,98.86950352361146
TX_WIND_CAPRICORN,2026-09-13 18:00:00+00:00,wind,ERCO,27,915.4494448576276,34.3,12.5,7.53928038794998,67.78692183628394,18.345851166092025,65.88963519702087,192.54199136927744,662.5,0.09945605312757866,56816.00319207985,57259.41412790936,-49.44107067019191,-1.897286639263072,124.7550695329935
TX_WIND_CAPRICORN,2026-09-13 19:00:00+00:00,wind,ERCO,28,924.2858332477596,35.6,15.6,7.943170408733017,87.08445798549164,28.688420291490004,86.06497773094875,197.2589508909557,662.5,0.1299094003486019,55203.10436299737,55613.93108494456,-58.396037694001635,-1.0194802545428843,110.17449290546406
TX_WIND_CAPRICORN,2026-09-13 20:00:00+00:00,wind,ERCO,29,870.9988727851069,36.6,21.1,8.616320443371407,127.17546790795876,49.687895650831166,136.5397004478588,277.2482939991746,662.5,0.20609766105337177,51786.0446511163,52433.23926463335,-77.4875722571276,9.36423253990003,150.07282609121586
TX_WIND_CAPRICORN,2026-09-13 21:00:00+00:00,wind,ERCO,30,761.1959155480398,36.5,24.2,8.885580457226762,146.27476229691987,75.98854124809544,152.40033901623244,291.3344831493405,662.5,0.2300382475716716,50990.04454020857,49286.99948337365,-70.28622104882443,6.125576719312562,145.0597208524206
TX_WIND_CAPRICORN,2026-09-13 22:00:00+00:00,wind,ERCO,31,597.149231864638,36.1,32.8,8.616320443371407,127.16708586278266,49.771054724175386,136.75089250210272,278.6681128757948,662.5,0.20641644151260788,48199.048663596266,45453.836584020086,-77.39603113860727,9.58380663932006,151.50102701301216
TX_WIND_CAPRICORN,2026-09-13 23:00:00+00:00,wind,ERCO,32,408.625350454877,35.4,20.3,8.212430422588373,101.85798041956186,38.09783234688927,99.96978260673912,235.19265470558986,662.5,0.15089778506677604,40563.33169864372,41163.60597744239,-63.760148072672585,-1.8881978128227388,133.33467428602802
TX_WIND_CAPRICORN,2026-09-14 00:00:00+00:00,wind,ERCO,33,168.96030862635018,33.9,54.7,8.750950450299085,137.5521934829362,66.68990187788312,173.55243017440603,294.5267994740019,662.5,0.26196593233872606,46676.40713792289,45561.91554485067,-70.86229160505307,36.00023669146984,156.97460599106572
TX_WIND_CAPRICORN,2026-09-14 01:00:00+00:00,wind,ERCO,34,0.0,33.1,41.4,8.481690436443728,119.45686528194612,54.32268118228605,158.26111229796751,292.79593743589606,662.5,0.23888469780825286,43215.4213764858,41837.60086446017,-65.13418409966008,38.80424701602139,173.33907215394993
TX_WIND_CAPRICORN,2026-09-14 02:00:00+00:00,wind,ERCO,35,0.0,32.4,18.0,8.616320443371407,128.79617686949996,66.67803291396294,177.0572231940912,311.37103728868976,662.5,0.2672561859533452,41815.95661243524,40797.62843935027,-62.11814395553702,48.261046324591234,182.5748604191898
TX_WIND_CAPRICORN,2026-09-14 03:00:00+00:00,wind,ERCO,36,0.0,31.3,8.6,9.020210464154442,159.3910369988243,95.62939251769147,181.2311052926304,333.38475749508336,662.5,0.27355638534736665,40749.666511909934,39308.53617070162,-63.76164448113282,21.840068293806098,173.99372049625907
TX_WIND_CAPRICORN,2026-09-14 04:00:00+00:00,wind,ERCO,37,0.0,30.3,6.2,9.2894704780098,182.5997955183261,84.57146980895901,215.29596271007063,438.1388041053458,662.5,0.3249750380529368,39235.77358174598,39777.68644238014,-98.02832570936708,32.696167191744536,255.5390085870197
TX_WIND_CAPRICORN,2026-09-14 05:00:00+00:00,wind,ERCO,38,0.0,29.4,7.0,8.750950450299085,140.08160267631337,73.56697706353327,190.38102910464121,383.032519527109,662.5,0.28736759110134524,41066.93727620274,40030.42068335877,-66.5146256127801,50.29942642832785,242.95091685079564
TX_WIND_CAPRICORN,2026-09-14 06:00:00+00:00,wind,ERCO,39,0.0,28.8,5.5,7.808540401805337,82.07154828995688,32.6140004661035,105.34100903069951,293.35290004206,662.5,0.15900529665011248,50634.24705335298,47283.86078290871,-49.45754782385338,23.26946074074263,211.28135175210315
TX_WIND_CAPRICORN,2026-09-14 07:00:00+00:00,wind,ERCO,40,0.0,28.0,1.6,9.15484047108212,172.65112809038692,85.78798087082359,182.93560913870996,427.8354085140444,662.5,0.276129221341449,52326.51699346398,50894.9294260268,-86.86314721956333,10.284481048323045,255.18428042365747
TX_WIND_CAPRICORN,2026-09-14 08:00:00+00:00,wind,ERCO,41,0.0,27.2,1.6,9.424100484937476,196.8196374271331,87.79900078928168,194.49751936000968,446.55368739960454,662.5,0.29358116129812784,52421.37259539876,53583.944779758654,-109.02063663785142,-2.3221180671234265,249.73404997247144
TX_WIND_CAPRICORN,2026-09-14 09:00:00+00:00,wind,ERCO,42,0.0,26.5,1.6,9.2894704780098,185.1343706183825,83.85972122398456,198.1444769362219,435.07366303575094,662.5,0.2990860029225991,55723.36989773722,54562.82209356663,-101.27464939439793,13.010106317839416,249.93929241736845
TX_WIND_CAPRICORN,2026-09-14 10:00:00+00:00,wind,ERCO,43,0.0,25.8,0.8,9.424100484937476,197.72186741343967,86.8625565037481,193.7663647976639,446.5452364449368,662.5,0.2924775317700587,56337.50903030327,53953.657829475946,-110.85931090969157,-3.955502615775771,248.82336903149712
TX_WIND_CAPRICORN,2026-09-14 11:00:00+00:00,wind,ERCO,44,0.0,25.2,0.0,9.424100484937476,198.19760554789468,86.83172290620169,194.26381929107035,447.42154636060604,662.5,0.2932284064770873,55496.65168312971,54789.07705048464,-111.36588264169299,-3.933786256824334,249.22394081271136
TX_WIND_CAPRICORN,2026-09-14 12:00:00+00:00,wind,ERCO,45,0.0,24.6,0.0,9.424100484937476,198.6361286018393,77.2462943974224,192.7184393995482,447.285091983245,662.5,0.2908957575842237,52729.15241592762,53789.835492595455,-121.38983420441689,-5.917689202291086,248.64896338140574
TX_WIND_CAPRICORN,2026-09-14 13:00:00+00:00,wind,ERCO,46,113.07308352084556,24.5,0.0,8.885580457226762,152.8492706135167,62.886674949724764,158.26789009267415,357.4972217136081,662.5,0.2388949284417723,57072.994388290215,54148.54926438701,-89.96259566379193,5.4186194791574565,204.6479511000914
TX_WIND_CAPRICORN,2026-09-14 14:00:00+00:00,wind,ERCO,47,340.9503415676165,25.9,0.0,9.693360498792831,223.87416402565637,73.97043677798135,216.00218417652755,451.39826442520757,662.5,0.32604103271928686,54951.89947299963,57465.54869030254,-149.90372724767502,-7.87197984912882,227.5241003995512
TX_WIND_CAPRICORN,2026-09-14 15:00:00+00:00,wind,ERCO,48,547.7532949446446,27.8,0.0,10.097250519575868,265.1846888701234,82.00946161393551,246.8199611427766,502.1665223137065,662.5,0.3725584319136251,64271.97286631766,63159.117016244905,-183.1752272561879,-18.364727727346803,236.98183344358307
TX_WIND_CAPRICORN,2026-09-14 16:00:00+00:00,wind,ERCO,49,719.3701801046203,30.0,0.0,10.366510533431224,294.2876175039573,92.03389232119437,261.4195066249754,539.3316115460758,662.5,0.39459548169807607,65155.95514333521,65192.86376412417,-202.2537251827629,-32.868110878981895,245.04399404211853
TX_WIND_CAPRICORN,2026-09-14 17:00:00+00:00,wind,ERCO,50,844.087885931606,32.0,0.0,10.097250519575868,261.3288071793729,78.0360174655188,242.02989159740923,497.16307702727556,662.5,0.36532813826024035,62622.721351712426,65353.0611721962,-183.29278971385412,-19.298915581963684,235.83426984790265
TX_WIND_CAPRICORN,2026-09-14 18:00:00+00:00,wind,ERCO,51,913.3906704789104,33.6,0.0,9.96262051264819,245.20866555779577,68.62670788533407,245.74419635442356,478.4380010853747,662.5,0.3709346360066771,69265.32826877986,66430.04486700827,-176.5819576724617,0.5355307966277962,233.22933552757894
TX_WIND_CAPRICORN,2026-09-14 19:00:00+00:00,wind,ERCO,52,922.4225447897336,34.9,7.8,10.097250519575868,258.2310984293684,74.46917329071815,237.15606377361007,480.63964561769444,662.5,0.35797141701676993,63355.28474141354,62593.14647261416,-183.76192513865024,-21.075034655758316,222.40854718832605
TX_WIND_CAPRICORN,2026-09-14 20:00:00+00:00,wind,ERCO,53,869.916071917081,35.8,14.8,10.097250519575868,257.1991448122177,71.57707855657148,237.683273286718,489.27030168777367,662.5,0.3587672049610838,61082.26236790625,63682.94230259011,-185.62206625564622,-19.515871525499705,232.07115687555597
TX_WIND_CAPRICORN,2026-09-14 21:00:00+00:00,wind,ERCO,54,759.4565331825073,36.0,20.3,10.097250519575868,256.80405421145707,71.30570078787787,238.41761012515883,488.875211087013,662.5,0.35987563792476807,57271.76728383304,56090.47427224168,-185.4983534235792,-18.38644408629824,232.07115687555591
TX_WIND_CAPRICORN,2026-09-14 22:00:00+00:00,wind,ERCO,55,599.5621883986726,35.7,24.2,9.693360498792831,215.469023015645,68.89684579084101,207.78483012640015,440.538571466187,662.5,0.31363747943607573,53308.05729360578,54125.68063785028,-146.572177224804,-7.684192889244855,225.06954845054202
TX_WIND_CAPRICORN,2026-09-14 23:00:00+00:00,wind,ERCO,56,396.62650495316257,35.0,35.2,9.82799050572051,229.14019632006625,76.78589858700943,217.62826375796863,454.504250088418,662.5,0.3284954924648583,46401.43583900751,49712.14528535365,-152.35429773305682,-11.511932562097627,225.36405376835177
TX_WIND_CAPRICORN,2026-09-15 00:00:00+00:00,wind,ERCO,57,179.63761211531485,33.8,30.5,10.63577054728658,321.7182502409116,132.18386712749705,277.99205297310044,564.7518248101605,662.5,0.41961064599713277,43839.78508109074,44922.95291908273,-189.53438311341452,-43.72619726781113,243.03357456924897
TX_WIND_CAPRICORN,2026-09-15 01:00:00+00:00,wind,ERCO,58,0.0,32.5,32.0,9.82799050572051,231.12883198875795,104.16509175623584,243.77292380671284,483.48075800346555,662.5,0.3679591302742835,43241.07493870201,42845.85191846274,-126.96374023252211,12.644091817954887,252.3519260147076
TX_WIND_CAPRICORN,2026-09-15 02:00:00+00:00,wind,ERCO,59,0.0,31.7,18.0,10.63577054728658,324.4158261717666,119.87834991574783,296.94708959391625,587.3594815277481,662.5,0.4482220220285528,42451.03823667616,41527.07733447143,-204.53747625601875,-27.468736577850336,262.94365535598155
TX_WIND_CAPRICORN,2026-09-15 03:00:00+00:00,wind,ERCO,60,0.0,31.0,7.0,10.097250519575868,261.46481142335256,111.49976292125044,275.2611443094286,521.9142900301482,662.5,0.415488519712345,40189.1652444117,39957.61995988833,-149.96504850210212,13.796332886076016,260.44947860679565
TX_WIND_CAPRICORN,2026-09-15 04:00:00+00:00,wind,ERCO,61,0.0,30.3,4.7,10.501140540358902,309.6787272425651,118.69218119776235,300.56665096370955,579.9191414355992,662.5,0.4536855108886182,40017.63282726426,39954.473778220265,-190.98654604480276,-9.112076278855568,270.24041419303404
TX_WIND_CAPRICORN,2026-09-15 05:00:00+00:00,wind,ERCO,62,0.0,29.8,3.9,10.501140540358902,310.15921771841727,117.13089269542431,288.36766316005316,580.1784885081966,662.5,0.4352719443925331,43244.91066224709,42545.059316622544,-193.02832502299296,-21.791554558364112,270.0192707897793
TX_WIND_CAPRICORN,2026-09-15 06:00:00+00:00,wind,ERCO,63,0.0,29.1,2.3,10.097250519575868,263.3163573170907,104.93651996963615,264.4449602801403,535.1151354574166,662.5,0.3991622041964382,46912.10005398126,47261.08362591291,-158.37983734745455,1.128602963049616,271.7987781403259
TX_WIND_CAPRICORN,2026-09-15 07:00:00+00:00,wind,ERCO,64,0.0,28.28333333333333,2.05,9.940182178160242,246.9380127133611,96.67195579563602,245.4208456378569,500.2082668777324,662.5,0.3704465594533689,54790.73693686848,52623.01542706126,-150.26605691772508,-1.5171670755042044,253.2702541643713
TX_WIND_CAPRICORN,2026-09-15 08:00:00+00:00,wind,ERCO,65,0.0,27.46666666666667,1.7999999999999998,9.78311383674462,231.2244341101814,100.10848224269088,232.1685853766099,501.3816995240277,662.5,0.3504431477382791,55126.72193139019,54841.41180694344,-131.1159518674905,0.9441512664285199,270.1572654138463
TX_WIND_CAPRICORN,2026-09-15 09:00:00+00:00,wind,ERCO,66,0.0,26.65,1.5499999999999998,9.626045495328995,216.1642677061885,87.1867210722323,220.9479070019519,487.05078118257813,662.5,0.3335062747199274,56610.360714598864,56033.92547179353,-128.9775466339562,4.7836392957634075,270.8865134763896
TX_WIND_CAPRICORN,2026-09-15 10:00:00+00:00,wind,ERCO,67,0.0,25.83333333333333,1.2999999999999998,9.46897715391337,201.74602083972977,85.7736671491631,198.33185320645438,474.0136344945548,662.5,0.2993688350286104,55085.69486227143,54062.40359520256,-115.97235369056666,-3.414167633275383,272.267613654825
TX_WIND_CAPRICORN,2026-09-15 11:00:00+00:00,wind,ERCO,68,0.0,25.016666666666666,1.05,9.311908812497744,187.9580600871978,81.0123095292879,199.85720092789373,461.650221850824,662.5,0.30167124668361317,53655.70233369807,55717.292838627145,-106.94575055790989,11.899140840695935,273.6921617636262
TX_WIND_CAPRICORN,2026-09-15 12:00:00+00:00,wind,ERCO,69,0.0,24.2,0.8,9.15484047108212,174.7886093300295,71.09156123019856,177.4020262831143,450.0153233759255,662.5,0.26777664344621027,52688.75444409736,54029.93634860373,-103.69704809983092,2.6134169530848226,275.226714045896
TX_WIND_CAPRICORN,2026-09-15 13:00:00+00:00,wind,ERCO,70,110.80887749529812,24.2,0.8,9.15484047108212,174.7886093300295,55.96232818547013,166.5769489750248,426.0495881502736,662.5,0.251436904113245,57361.18782925338,54448.19476331998,-118.82628114455936,-8.211660355004682,251.26097882024413
TX_WIND_CAPRICORN,2026-09-15 14:00:00+00:00,wind,ERCO,71,338.81311408582314,24.2,0.8,9.15484047108212,174.7886093300295,48.18604791537612,165.8244273335296,426.01603256330634,662.5,0.25030102239023333,58379.23088327951,57702.0509139708,-126.60256141465337,-8.964181996499889,251.22742323327685
TX_WIND_HORSEHOLLOW,2026-09-12 15:00:00+00:00,wind,ERCO,0,561.2145264915871,28.0,0.0,7.270020374094625,63.82088046904594,17.024108435023322,73.4630231873655,141.66180891430952,735.5,0.0998817446463161,58137.883360487656,54885.715664323405,-46.79677203402262,9.642142718319555,77.84092844526359
TX_WIND_HORSEHOLLOW,2026-09-12 16:00:00+00:00,wind,ERCO,1,729.9923818531959,30.5,0.0,7.000760360239268,52.055572427617584,15.788816880035036,61.393719690344355,108.60074834570602,735.5,0.08347208659462182,61163.42303659209,59171.7757739879,-36.26675554758255,9.338147262726771,56.54517591808844
TX_WIND_HORSEHOLLOW,2026-09-12 17:00:00+00:00,wind,ERCO,2,851.6779040324027,33.0,0.0,6.596870339456234,37.515440935557216,10.13999713043292,46.1547393437097,90.28806801738304,735.5,0.06275287470252848,60500.53351031735,61612.50013791737,-27.375443805124295,8.639298408152484,52.772627081825824
TX_WIND_HORSEHOLLOW,2026-09-12 18:00:00+00:00,wind,ERCO,3,917.961722513309,35.1,0.0,6.058350311745521,22.89358914329741,3.8447353121205445,32.47790242269521,61.065441791320296,735.5,0.04415758317157744,62085.79047912591,60605.08175688284,-19.048853831176867,9.584313279397797,38.171852648022885
TX_WIND_HORSEHOLLOW,2026-09-12 19:00:00+00:00,wind,ERCO,4,923.72226392908,36.6,12.5,5.3852002771071295,10.798782577388298,2.896640317819009,15.685294472956556,37.250731790286196,735.5,0.021326029195046305,56176.23449762112,57083.71249573009,-7.902142259569289,4.886511895568258,26.451949212897897
TX_WIND_HORSEHOLLOW,2026-09-12 20:00:00+00:00,wind,ERCO,5,869.2962782583835,37.2,14.8,4.712050242468738,3.9821930617043706,0.0,5.995073515786304,33.7530847859259,735.5,0.00815101769651435,55845.650353346566,56089.11530849701,-3.9821930617043706,2.0128804540819334,29.770891724221528
TX_WIND_HORSEHOLLOW,2026-09-12 21:00:00+00:00,wind,ERCO,6,759.238883197865,37.4,10.9,4.57742023554106,3.109602047282959,0.4944644811497527,4.909226351325127,18.798675913509108,735.5,0.006674678927702416,53129.1064088414,52963.14653415806,-2.6151375661332064,1.7996243040421676,15.689073866226149
TX_WIND_HORSEHOLLOW,2026-09-12 22:00:00+00:00,wind,ERCO,7,599.5796859981608,37.4,7.0,4.981310256324095,6.157699692386369,1.6364651692379075,9.709534377093952,35.77352663293617,735.5,0.013201270397136576,46054.91438590257,50119.7590394538,-4.521234523148461,3.5518346847075835,29.6158269405498
TX_WIND_HORSEHOLLOW,2026-09-12 23:00:00+00:00,wind,ERCO,8,401.43328956392577,36.7,4.7,6.192980318673198,25.835446859724787,8.00993846595518,37.076721771675864,69.83376041625984,735.5,0.0504102267459903,45947.08612563512,45640.99403167701,-17.825508393769606,11.241274911951077,43.99831355653505
TX_WIND_HORSEHOLLOW,2026-09-13 00:00:00+00:00,wind,ERCO,9,178.56915654593166,35.1,3.1,7.53928038794998,74.6538255271146,18.540756987385834,74.6754408503164,163.2845996414788,735.5,0.10153017110851993,38265.65329345952,39696.15676527975,-56.11306853972877,0.021615323201800152,88.63077411436419
TX_WIND_HORSEHOLLOW,2026-09-13 01:00:00+00:00,wind,ERCO,10,0.0,32.5,2.3,8.34706042951605,123.18148100809708,55.135007473221734,154.95143143337017,254.26414244210153,735.5,0.21067495776121029,35389.02988929794,36274.45120848049,-68.04647353487535,31.769950425273095,131.08266143400445
TX_WIND_HORSEHOLLOW,2026-09-13 02:00:00+00:00,wind,ERCO,11,0.0,31.5,3.9,8.077800415660693,105.97639755683645,46.87465134550201,138.10807140286354,219.3163735004887,735.5,0.18777440027581718,34476.247725409936,36352.15197525834,-59.10174621133444,32.1316738460271,113.33997594365226
TX_WIND_HORSEHOLLOW,2026-09-13 03:00:00+00:00,wind,ERCO,12,0.0,30.4,0.8,8.077800415660693,106.50774687821092,47.229079406585306,138.63942072423802,216.7995880466791,735.5,0.18849683307170365,32415.528610771515,34232.57802436276,-59.27866747162562,32.1316738460271,110.29184116846818
TX_WIND_HORSEHOLLOW,2026-09-13 04:00:00+00:00,wind,ERCO,13,0.0,29.3,0.0,8.212430422588373,115.716393728215,58.04658841129058,146.29733836951004,241.77544863381817,735.5,0.1989086857505235,33644.811014112456,34793.492204166374,-57.66980531692442,30.580944641295048,126.05905490560318
TX_WIND_HORSEHOLLOW,2026-09-13 05:00:00+00:00,wind,ERCO,14,0.0,28.2,0.0,7.404650381022303,70.10022213313276,27.836356173670815,89.22835580394836,178.668776326902,735.5,0.1213165952467007,37400.19099662753,36349.829757009255,-42.263865959461945,19.1281336708156,108.56855419376923
TX_WIND_HORSEHOLLOW,2026-09-13 06:00:00+00:00,wind,ERCO,15,0.0,27.3,0.0,7.67391039487766,84.02546264157237,35.0832869645667,96.80425676116968,192.7194982280056,735.5,0.13161693645298395,40806.69732293227,38558.30666141864,-48.94217567700567,12.778794119597308,108.69403558643322
TX_WIND_HORSEHOLLOW,2026-09-13 07:00:00+00:00,wind,ERCO,16,0.0,26.6,0.0,7.67391039487766,84.23830554106539,34.10704214346749,97.0170996606627,192.9323411274986,735.5,0.1319063217684061,43767.41487213137,43806.059641513,-50.1312633975979,12.778794119597308,108.69403558643322
TX_WIND_HORSEHOLLOW,2026-09-13 08:00:00+00:00,wind,ERCO,17,0.0,25.9,0.0,7.270020374094625,64.38336965153218,24.295299118340616,93.99327349895385,161.41191162722515,735.5,0.12779506933916226,47835.85076042656,46075.193993188856,-40.08807053319156,29.609903847421677,97.02854197569297
TX_WIND_HORSEHOLLOW,2026-09-13 09:00:00+00:00,wind,ERCO,18,0.0,25.3,0.0,6.86613035331159,47.878740656964354,19.19146517469811,70.47552870513752,121.52647320979194,735.5,0.09581988946993544,46008.53400033517,46437.585838555286,-28.687275482266244,22.596788048173167,73.64773255282759
TX_WIND_HORSEHOLLOW,2026-09-13 10:00:00+00:00,wind,ERCO,19,0.0,24.7,0.0,6.462240332528555,34.458922806562974,9.898885782665019,53.45671177122205,97.09060453971045,735.5,0.07268077739119246,43226.990430067664,46327.15990784463,-24.560037023897955,18.997788964659073,62.63168173314748
TX_WIND_HORSEHOLLOW,2026-09-13 11:00:00+00:00,wind,ERCO,20,0.0,24.1,0.0,5.923720304817843,20.794865536803428,8.783565840341593,37.37196303103734,82.24092047249776,735.5,0.05081164246232133,46195.68375897616,45954.55645317823,-12.011299696461835,16.57709749423391,61.446054935694335
TX_WIND_HORSEHOLLOW,2026-09-13 12:00:00+00:00,wind,ERCO,21,0.0,23.7,0.0,5.654460290962486,15.591083317579928,6.49495695712549,29.53876510021221,62.348754396563265,735.5,0.04016147532319811,46640.0823199542,45923.77751098906,-9.096126360454438,13.947681782632282,46.757671078983336
TX_WIND_HORSEHOLLOW,2026-09-13 13:00:00+00:00,wind,ERCO,22,128.61749394724615,23.9,0.0,5.654460290962486,15.591338686163244,4.254610415540714,23.771350828165822,50.45045051127151,735.5,0.03231998752979717,44589.07852362228,45268.17261007281,-11.33672827062253,8.180012142002578,34.85911182510827
TX_WIND_HORSEHOLLOW,2026-09-13 14:00:00+00:00,wind,ERCO,23,354.73634866742657,25.9,0.0,5.654460290962486,15.4946953288172,4.2186648229369865,23.118515674501857,50.13803023476973,735.5,0.031432380250852286,50008.53362220929,49485.08787463382,-11.276030505880213,7.623820345684658,34.64333490595253
TX_WIND_HORSEHOLLOW,2026-09-13 15:00:00+00:00,wind,ERCO,24,559.1174258126744,27.9,0.0,5.654460290962486,15.39175764186276,4.055772644666474,23.15412848824396,50.30379751338422,735.5,0.03148080011997819,52699.25327918481,51663.935463289126,-11.335984997196286,7.762370846381199,34.91203987152146
TX_WIND_HORSEHOLLOW,2026-09-13 16:00:00+00:00,wind,ERCO,25,727.8139269358063,30.0,0.0,5.519830284034807,13.07280876641602,3.73146542587609,20.155892740890938,47.739929293640145,735.5,0.02740434091215627,54059.70790562456,55744.25841550728,-9.34134334053993,7.083083974474917,34.66712052722413
TX_WIND_HORSEHOLLOW,2026-09-13 17:00:00+00:00,wind,ERCO,26,849.3116501644735,32.2,0.0,5.789090297890164,17.597850783496703,3.615952714635723,23.23537073852424,53.994049037591274,735.5,0.03159125865197041,53728.57860687154,56657.14050053014,-13.98189806886098,5.6375199550275354,36.39619825409457
TX_WIND_HORSEHOLLOW,2026-09-13 18:00:00+00:00,wind,ERCO,27,914.947817364858,33.9,10.9,6.192980318673198,26.23657164989907,3.8603333249513305,36.14263513298977,69.14145006814128,735.5,0.04914022451800104,56816.00319207985,57259.41412790936,-22.37623832494774,9.906063483090698,42.90487841824221
TX_WIND_HORSEHOLLOW,2026-09-13 19:00:00+00:00,wind,ERCO,28,918.64425063232,34.8,19.5,6.327610325600878,29.581235066110903,8.767274146486827,36.73137825606612,67.85487157081407,735.5,0.0499406910347602,55203.10436299737,55613.93108494456,-20.813960919624076,7.1501431899552195,38.27363650470316
TX_WIND_HORSEHOLLOW,2026-09-13 20:00:00+00:00,wind,ERCO,29,863.9992512286162,35.5,20.3,6.462240332528555,33.21380302206752,8.111520804544263,43.239280685671694,76.90483499680822,735.5,0.05878896082348293,51786.0446511163,52433.23926463335,-25.10228221752326,10.025477663604171,43.691031974740696
TX_WIND_HORSEHOLLOW,2026-09-13 21:00:00+00:00,wind,ERCO,30,754.2810512351107,35.8,17.2,6.86613035331159,46.15570486339761,11.925179193458717,54.48425549903284,100.86278765781842,735.5,0.07407784568189374,50990.04454020857,49286.99948337365,-34.23052566993889,8.328550635635231,54.707082794420806
TX_WIND_HORSEHOLLOW,2026-09-13 22:00:00+00:00,wind,ERCO,31,594.4218351969366,35.5,16.4,7.404650381022303,68.26664059272208,16.28463264727685,66.24227836886793,150.64702523233038,735.5,0.09006428058309712,48199.048663596266,45453.836584020086,-51.98200794544523,-2.0243622238541548,82.3803846396083
TX_WIND_HORSEHOLLOW,2026-09-13 23:00:00+00:00,wind,ERCO,32,395.4877342956207,34.6,20.3,7.67391039487766,81.78951331129622,23.80950798556796,70.27375237105431,161.79300391367764,735.5,0.09554555047050213,40563.33169864372,41163.60597744239,-57.98000532572826,-11.515760940241904,80.00349060238142
TX_WIND_HORSEHOLLOW,2026-09-14 00:00:00+00:00,wind,ERCO,33,173.0317617489623,33.3,20.3,7.67391039487766,82.18524466429503,26.708290674271332,80.06668753209445,171.6515103957791,735.5,0.10886021418367701,46676.40713792289,45561.91554485067,-55.476953990023695,-2.1185571322005785,89.46626573148407
TX_WIND_HORSEHOLLOW,2026-09-14 01:00:00+00:00,wind,ERCO,34,0.0,31.7,28.1,7.404650381022303,69.15862580812642,26.026075929326524,88.44112208509142,179.62824375821447,735.5,0.12024625708374088,43215.4213764858,41837.60086446017,-43.13254987879989,19.282496276965006,110.46961795008805
TX_WIND_HORSEHOLLOW,2026-09-14 02:00:00+00:00,wind,ERCO,35,0.0,30.8,19.5,8.077800415660693,106.33605639103254,46.70280933452496,137.6661826698708,216.4910173170672,735.5,0.18717359982307383,41815.95661243524,40797.62843935027,-59.633247056507585,31.330126278838264,110.15496092603465
TX_WIND_HORSEHOLLOW,2026-09-14 03:00:00+00:00,wind,ERCO,36,0.0,30.2,11.7,7.67391039487766,83.1729182292356,32.98785202418824,106.06651851397578,195.58304044975432,735.5,0.1442100863548277,40749.666511909934,39308.53617070162,-50.18506620504736,22.893600284740174,112.41012222051872
TX_WIND_HORSEHOLLOW,2026-09-14 04:00:00+00:00,wind,ERCO,37,0.0,29.4,14.8,7.53928038794998,76.46755707742975,23.171471861874153,101.74654388433464,252.9011101178294,735.5,0.1383365654443707,39235.77358174598,39777.68644238014,-53.29608521555559,25.278986806904896,176.43355304039966
TX_WIND_HORSEHOLLOW,2026-09-14 05:00:00+00:00,wind,ERCO,38,0.0,28.5,10.2,6.596870339456234,38.176708327950685,14.532220772533538,60.64154921499211,180.89969365586893,735.5,0.08244942109448282,41066.93727620274,40030.42068335877,-23.644487555417147,22.464840887041426,142.72298532791825
TX_WIND_HORSEHOLLOW,2026-09-14 06:00:00+00:00,wind,ERCO,39,0.0,27.7,7.8,6.596870339456234,38.30086615830992,14.6183755227743,60.76570704535135,180.35043943820324,735.5,0.08261822847770407,50634.24705335298,47283.86078290871,-23.682490635535622,22.464840887041426,142.0495732798933
TX_WIND_HORSEHOLLOW,2026-09-14 07:00:00+00:00,wind,ERCO,40,0.0,27.1,2.3,7.270020374094625,64.23359158014065,21.71924955000903,95.9122182199859,226.92072868597253,735.5,0.1304041036301644,52326.51699346398,50894.9294260268,-42.51434203013162,31.67862663984525,162.68713710583188
TX_WIND_HORSEHOLLOW,2026-09-14 08:00:00+00:00,wind,ERCO,41,0.0,26.4,1.6,7.404650381022303,70.6676065603151,19.780544256193323,88.5707839303698,237.6564372660947,735.5,0.12042254783190999,52421.37259539876,53583.944779758654,-50.88706230412177,17.903177370054706,166.9888307057796
TX_WIND_HORSEHOLLOW,2026-09-14 09:00:00+00:00,wind,ERCO,42,0.0,25.8,0.8,7.270020374094625,64.51291477483602,17.650724088881645,94.19447694375019,222.40314701825167,735.5,0.12806862942726063,55723.36989773722,54562.82209356663,-46.862190685954374,29.68156216891417,157.89023224341565
TX_WIND_HORSEHOLLOW,2026-09-14 10:00:00+00:00,wind,ERCO,43,0.0,25.2,0.8,7.135390367166946,58.71324726533111,18.122773562667142,83.1130747603014,213.5210652768089,735.5,0.11300214107450904,56337.50903030327,53953.657829475946,-40.59047370266397,24.39982749497029,154.8078180114778
TX_WIND_HORSEHOLLOW,2026-09-14 11:00:00+00:00,wind,ERCO,44,0.0,24.6,0.8,7.000760360239268,53.28119963920147,15.223504426717284,78.50586954789682,202.8548419163176,735.5,0.10673809591828255,55496.65168312971,54789.07705048464,-38.057695212484184,25.224669908695354,149.57364227711614
TX_WIND_HORSEHOLLOW,2026-09-14 12:00:00+00:00,wind,ERCO,45,0.0,24.0,0.0,7.000760360239268,53.40981364629543,14.939048908144372,77.60233755675262,199.58497080164693,735.5,0.10550963637899743,52729.15241592762,53789.835492595455,-38.47076473815106,24.192523910457183,146.17515715535149
TX_WIND_HORSEHOLLOW,2026-09-14 13:00:00+00:00,wind,ERCO,46,126.33619969036944,24.0,0.0,7.000760360239268,53.42558581293968,11.02462736416797,67.43641935686026,176.60304137541777,735.5,0.0916878577251669,57072.994388290215,54148.54926438701,-42.40095844877171,14.010833543920576,123.17745556247809
TX_WIND_HORSEHOLLOW,2026-09-14 14:00:00+00:00,wind,ERCO,47,352.58571152672243,25.6,0.0,7.270020374094625,64.63875345948075,10.45169564709149,73.31183686318096,195.219928555256,735.5,0.0996761888010618,54951.89947299963,57465.54869030254,-54.18705781238926,8.673083403700204,130.58117509577522
TX_WIND_HORSEHOLLOW,2026-09-14 15:00:00+00:00,wind,ERCO,48,556.9878788107179,27.4,0.0,7.404650381022303,70.50877963519915,9.9342897473784,67.65390859742219,207.78658473362384,735.5,0.0919835602956114,64271.97286631766,63159.117016244905,-60.57448988782075,-2.8548710377769595,137.2778050984247
TX_WIND_HORSEHOLLOW,2026-09-14 16:00:00+00:00,wind,ERCO,49,725.594506833614,29.6,0.0,7.67391039487766,83.60103752013728,16.43284749656975,71.25476776597257,217.42540405294469,735.5,0.09687935794149909,65155.95514333521,65192.86376412417,-67.16819002356753,-12.346269754164709,133.8243665328074
TX_WIND_HORSEHOLLOW,2026-09-14 17:00:00+00:00,wind,ERCO,50,846.897614261798,31.7,0.0,7.943170408733017,98.1586771391857,23.429479424749587,88.26607326810823,230.6534024554304,735.5,0.12000825733257407,62622.721351712426,65353.0611721962,-74.72919771443611,-9.892603871077469,132.4947253162447
TX_WIND_HORSEHOLLOW,2026-09-14 18:00:00+00:00,wind,ERCO,51,912.6141647366836,33.6,0.0,8.077800415660693,105.62574152765826,24.45613881169153,95.6562429944116,243.35675194214969,735.5,0.13005607477146378,69265.32826877986,66430.04486700827,-81.16960271596673,-9.969498533246664,137.73101041449144
TX_WIND_HORSEHOLLOW,2026-09-14 19:00:00+00:00,wind,ERCO,52,918.250934970276,35.0,0.0,8.34706042951605,122.59362788498552,26.279393861635967,123.2040844054149,281.2980580787698,735.5,0.1675106518088578,63355.28474141354,62593.14647261416,-96.31423402334956,0.6104565204293806,158.7044301937843
TX_WIND_HORSEHOLLOW,2026-09-14 20:00:00+00:00,wind,ERCO,53,863.4109975425479,35.7,0.0,8.34706042951605,122.19501481658216,25.880780793232603,123.32919335009447,290.4949870260927,735.5,0.16768075234547175,61082.26236790625,63682.94230259011,-96.31423402334956,1.134178533512312,168.29997220951054
TX_WIND_HORSEHOLLOW,2026-09-14 21:00:00+00:00,wind,ERCO,54,751.8209130795136,36.1,0.0,8.885580457226762,162.5865488127132,50.655848617012396,140.09687481356275,327.6145749356483,735.5,0.19047841579002414,57271.76728383304,56090.47427224168,-111.93070019570081,-22.489673999150455,165.0280261229351
TX_WIND_HORSEHOLLOW,2026-09-14 22:00:00+00:00,wind,ERCO,55,591.0420283849635,35.8,6.2,8.885580457226762,162.6156336666919,50.847469322426534,140.12595966754145,328.63184672116245,735.5,0.19051796011902306,53308.05729360578,54125.68063785028,-111.76816434426537,-22.489673999150455,166.01621305447054
TX_WIND_HORSEHOLLOW,2026-09-14 23:00:00+00:00,wind,ERCO,56,390.2254019221216,35.1,22.7,8.885580457226762,162.93650834289315,56.83649536749236,140.4468343437427,329.24722671517344,735.5,0.1909542275237834,46401.43583900751,49712.14528535365,-106.10001297540079,-22.489673999150455,166.3107183722803
TX_WIND_HORSEHOLLOW,2026-09-15 00:00:00+00:00,wind,ERCO,57,167.7094287911084,33.9,23.4,8.885580457226762,163.5570914242662,68.30365652334119,155.71147505571312,333.14407318765757,735.5,0.21170832774400153,43839.78508109074,44922.95291908273,-95.253434900925,-7.845616368553067,169.58698176339138
TX_WIND_HORSEHOLLOW,2026-09-15 01:00:00+00:00,wind,ERCO,58,0.0,32.1,33.6,7.943170408733017,97.53772762066724,37.147061188144136,113.1184021308405,266.1314813619157,735.5,0.15379796346817198,43241.07493870201,42845.85191846274,-60.390666432523105,15.580674510173253,168.59375374124846
TX_WIND_HORSEHOLLOW,2026-09-15 02:00:00+00:00,wind,ERCO,59,0.0,31.2,32.8,8.616320443371407,143.6086365440065,59.66299182803651,180.85851154073833,357.88312577850235,735.5,0.24589872405266938,42451.03823667616,41527.07733447143,-83.94564471596998,37.24987499673185,214.27448923449586
TX_WIND_HORSEHOLLOW,2026-09-15 03:00:00+00:00,wind,ERCO,60,0.0,30.4,28.9,9.2894704780098,202.47348401897256,91.55269280541417,224.7052631710756,445.44558644081235,735.5,0.3055136141007146,40189.1652444117,39957.61995988833,-110.92079121355839,22.23177915210303,242.9721024218398
TX_WIND_HORSEHOLLOW,2026-09-15 04:00:00+00:00,wind,ERCO,61,0.0,29.7,14.8,8.885580457226762,166.4658482482433,83.73729823914711,185.13606372537296,396.18076254755505,735.5,0.2517145665878626,40017.63282726426,39954.473778220265,-82.7285500090962,18.67021547712966,229.71491429931174
TX_WIND_HORSEHOLLOW,2026-09-15 05:00:00+00:00,wind,ERCO,62,0.0,29.0,5.5,8.885580457226762,166.86796596675947,78.00190889764076,172.84873516191126,395.29028316580695,735.5,0.2350084774465143,43244.91066224709,42545.059316622544,-88.86605706911871,5.980769195151794,228.42231719904748
TX_WIND_HORSEHOLLOW,2026-09-15 06:00:00+00:00,wind,ERCO,63,0.0,28.0,2.3,8.885580457226762,167.47161627588918,78.54944212949253,171.0130506407502,395.60609085721933,735.5,0.23251264533072769,46912.10005398126,47261.08362591291,-88.92217414639664,3.5414343648610327,228.13447458133015
TX_WIND_HORSEHOLLOW,2026-09-15 07:00:00+00:00,wind,ERCO,64,0.0,27.316666666666663,2.183333333333333,8.41437543297989,130.70023061607415,45.93301615529879,156.6707557122001,360.9239463172353,735.5,0.21301258424500355,54790.73693686848,52623.01542706126,-84.76721446077536,25.970525096125954,230.22371570116113
TX_WIND_HORSEHOLLOW,2026-09-15 08:00:00+00:00,wind,ERCO,65,0.0,26.633333333333333,2.0666666666666664,7.943170408733015,99.70298983080872,29.993127188542175,115.21837262593361,291.54890166390027,735.5,0.15665312389657868,55126.72193139019,54841.41180694344,-69.70986264226654,15.515382795124893,191.84591183309155
TX_WIND_HORSEHOLLOW,2026-09-15 09:00:00+00:00,wind,ERCO,66,0.0,25.95,1.95,7.471965384486142,74.00297160333167,14.790965496707251,93.13045062082993,269.61505968895233,735.5,0.12662195869589385,56610.360714598864,56033.92547179353,-59.21200610662442,19.12747901749826,195.61208808562066
TX_WIND_HORSEHOLLOW,2026-09-15 10:00:00+00:00,wind,ERCO,67,0.0,25.266666666666666,1.8333333333333333,7.000760360239268,53.11854314444446,14.73295282753876,79.45891962113996,229.14509730248716,735.5,0.1080338811980149,55085.69486227143,54062.40359520256,-38.3855903169057,26.340376476695496,176.0265541580427
TX_WIND_HORSEHOLLOW,2026-09-15 11:00:00+00:00,wind,ERCO,68,0.0,24.58333333333333,1.7166666666666668,6.529555335992394,36.56330713704518,6.763539623344506,58.772296882462975,191.42871833497534,735.5,0.07990794953428004,53655.70233369807,55717.292838627145,-29.799767513700672,22.208989745417796,154.86541119793017
TX_WIND_HORSEHOLLOW,2026-09-15 12:00:00+00:00,wind,ERCO,69,0.0,23.9,1.6,6.058350311745521,23.84604693456765,3.5372642733663042,42.86602572934133,175.31297301073317,735.5,0.05828147617857421,52688.75444409736,54029.93634860373,-20.308782661201345,19.01997879477368,151.46692607616552
TX_WIND_HORSEHOLLOW,2026-09-15 13:00:00+00:00,wind,ERCO,70,124.0416245700017,23.9,1.6,6.058350311745521,23.84604693456765,0.6926942759041594,35.199217218621335,149.3924755890145,735.5,0.047857535307438935,57361.18782925338,54448.19476331998,-23.15335265866349,11.353170284053686,125.54642865444686
TX_WIND_HORSEHOLLOW,2026-09-15 14:00:00+00:00,wind,ERCO,71,350.411505302564,23.9,1.6,6.058350311745521,23.84604693456765,0.7516274857205616,34.45121056617781,149.21653376260576,735.5,0.04684053102131585,58379.23088327951,57702.0509139708,-23.094419448847088,10.605163631610157,125.37048682803811
TX_SOLAR_UPTON,2026-09-12 15:00:00+00:00,solar,ERCO,0,538.9858162925194,29.5,0.0,8.750950450299085,169.57635488777626,154.03736840095777,160.85713902715713,164.05619763252463,255.0,0.6308123099104201,58137.883360487656,54885.715664323405,-15.538986486818487,-8.71921586061913,-5.5201572552516325
TX_SOLAR_UPTON,2026-09-12 16:00:00+00:00,solar,ERCO,1,715.4031893263169,32.5,0.0,9.020210464154442,218.4207713112821,189.89343098769754,189.89343098769754,209.0072071330931,255.0,0.7446801215203825,61163.42303659209,59171.7757739879,-28.527340323584554,-28.527340323584554,-9.413564178189006
TX_SOLAR_UPTON,2026-09-12 17:00:00+00:00,solar,ERCO,2,845.6472936291643,35.0,0.0,8.34706042951605,251.00865729113943,234.71944995574825,241.8666450250675,248.98179701586454,255.0,0.9484966471571274,60500.53351031735,61612.50013791737,-16.289207335391183,-9.14201226607193,-2.0268602752748848
TX_SOLAR_UPTON,2026-09-12 18:00:00+00:00,solar,ERCO,3,920.8255452593849,36.9,0.0,6.86613035331159,255.0,237.78783553703818,244.73263508511207,253.37523805186274,255.0,0.9597358238631846,62085.79047912591,60605.08175688284,-17.212164462961823,-10.267364914887935,-1.6247619481372624
TX_SOLAR_UPTON,2026-09-12 19:00:00+00:00,solar,ERCO,4,914.2437317515688,38.5,35.9,5.654460290962486,255.0,231.83642074969598,246.69604720671242,255.0,255.0,0.9674354792420095,56176.23449762112,57083.71249573009,-23.163579250304025,-8.303952793287579,0.0
TX_SOLAR_UPTON,2026-09-12 20:00:00+00:00,solar,ERCO,5,889.2516841007146,38.8,10.2,5.1159402632517725,255.0,230.40082954566543,233.94497861918575,248.13397217877204,255.0,0.9174312887026892,55845.650353346566,56089.11530849701,-24.59917045433457,-21.055021380814253,-6.866027821227959
TX_SOLAR_UPTON,2026-09-12 21:00:00+00:00,solar,ERCO,6,784.9250851343776,39.1,10.2,5.1159402632517725,230.7384689099339,206.96941825019482,207.2220367173946,225.11791711528167,255.0,0.8126354381074298,53129.1064088414,52963.14653415806,-23.769050659739094,-23.516432192539327,-5.620551794652243
TX_SOLAR_UPTON,2026-09-12 22:00:00+00:00,solar,ERCO,7,629.821557251937,38.9,2.3,6.192980318673198,188.94967459600863,166.9448558714705,170.41135351258785,184.247822836008,255.0,0.668279817696423,46054.91438590257,50119.7590394538,-22.004818724538126,-18.538321083420783,-4.701851760000636
TX_SOLAR_UPTON,2026-09-12 23:00:00+00:00,solar,ERCO,8,434.0544730313748,38.5,3.1,6.731500346383912,132.3648974863575,121.11822449521298,129.2887545151441,131.59239892943884,255.0,0.5070147235888004,45947.08612563512,45640.99403167701,-11.246672991144521,-3.0761429712134145,-0.7724985569186629
TX_SOLAR_UPTON,2026-09-13 00:00:00+00:00,solar,ERCO,9,211.1946745889936,37.9,12.5,6.462240332528555,62.56440770852054,32.59545280430684,36.09962665357472,64.5256096272533,255.0,0.14156716334735184,38265.65329345952,39696.15676527975,-29.968954904213703,-26.464781054945824,1.9612019187327618
TX_SOLAR_UPTON,2026-09-13 01:00:00+00:00,solar,ERCO,10,0.0,36.3,34.4,7.270020374094625,0.0,0.0,0.0,0.0,255.0,0.0,35389.02988929794,36274.45120848049,0.0,0.0,0.0
TX_SOLAR_UPTON,2026-09-13 02:00:00+00:00,solar,ERCO,11,0.0,35.0,37.5,8.885580457226762,0.0,0.0,0.0,0.0,255.0,0.0,34476.247725409936,36352.15197525834,0.0,0.0,0.0
TX_SOLAR_UPTON,2026-09-13 03:00:00+00:00,solar,ERCO,12,0.0,34.0,12.5,8.885580457226762,0.0,0.0,0.0,0.0,255.0,0.0,32415.528610771515,34232.57802436276,0.0,0.0,0.0
TX_SOLAR_UPTON,2026-09-13 04:00:00+00:00,solar,ERCO,13,0.0,32.9,3.1,10.905030561141936,0.0,0.0,0.0,0.0,255.0,0.0,33644.811014112456,34793.492204166374,0.0,0.0,0.0
TX_SOLAR_UPTON,2026-09-13 05:00:00+00:00,solar,ERCO,14,0.0,31.4,2.3,10.63577054728658,0.0,0.0,0.0,0.0,255.0,0.0,37400.19099662753,36349.829757009255,0.0,0.0,0.0
TX_SOLAR_UPTON,2026-09-13 06:00:00+00:00,solar,ERCO,15,0.0,30.4,2.3,10.501140540358902,0.0,0.0,0.0,0.0,255.0,0.0,40806.69732293227,38558.30666141864,0.0,0.0,0.0
TX_SOLAR_UPTON,2026-09-13 07:00:00+00:00,solar,ERCO,16,0.0,29.5,0.8,11.174290574997295,0.0,0.0,0.0,0.0,255.0,0.0,43767.41487213137,43806.059641513,0.0,0.0,0.0
TX_SOLAR_UPTON,2026-09-13 08:00:00+00:00,solar,ERCO,17,0.0,28.3,1.6,11.712810602708004,0.0,0.0,0.0,0.0,255.0,0.0,47835.85076042656,46075.193993188856,0.0,0.0,0.0
TX_SOLAR_UPTON,2026-09-13 09:00:00+00:00,solar,ERCO,18,0.0,27.2,0.8,10.77040055421426,0.0,0.0,0.0,0.0,255.0,0.0,46008.53400033517,46437.585838555286,0.0,0.0,0.0
TX_SOLAR_UPTON,2026-09-13 10:00:00+00:00,solar,ERCO,19,0.0,26.5,0.0,9.693360498792831,0.0,0.0,0.0,0.0,255.0,0.0,43226.990430067664,46327.15990784463,0.0,0.0,0.0
TX_SOLAR_UPTON,2026-09-13 11:00:00+00:00,solar,ERCO,20,0.0,25.8,0.0,8.750950450299085,0.0,0.0,0.0,0.0,255.0,0.0,46195.68375897616,45954.55645317823,0.0,0.0,0.0
TX_SOLAR_UPTON,2026-09-13 12:00:00+00:00,solar,ERCO,21,0.0,25.1,0.0,8.077800415660693,0.0,0.0,0.0,0.0,255.0,0.0,46640.0823199542,45923.77751098906,0.0,0.0,0.0
TX_SOLAR_UPTON,2026-09-13 13:00:00+00:00,solar,ERCO,22,95.9447883456418,24.9,0.0,7.67391039487766,25.87627059086565,8.836954428079398,8.836954428079398,29.546810475627307,255.0,0.03465472324737019,44589.07852362228,45268.17261007281,-17.039316162786253,-17.039316162786253,3.6705398847616557
TX_SOLAR_UPTON,2026-09-13 14:00:00+00:00,solar,ERCO,23,326.41800646162244,26.4,0.0,8.212430422588373,104.82080070311687,102.22418054773291,105.08331687167774,110.45121446179411,255.0,0.41209143871246173,50008.53362220929,49485.08787463382,-2.5966201553839596,0.26251616856086457,5.630413758677236
TX_SOLAR_UPTON,2026-09-13 15:00:00+00:00,solar,ERCO,24,537.0150836208592,28.2,0.0,8.885580457226762,170.67291771177108,154.89600354145836,161.95370185115195,165.15276045651945,255.0,0.6351125562790273,52699.25327918481,51663.935463289126,-15.776914170312722,-8.71921586061913,-5.5201572552516325
TX_SOLAR_UPTON,2026-09-13 16:00:00+00:00,solar,ERCO,25,713.3657640928272,30.5,0.0,8.885580457226762,220.4745738642045,191.9254680638822,191.9254680638822,211.0610096860155,255.0,0.7526488943681655,54059.70790562456,55744.25841550728,-28.54910580032231,-28.54910580032231,-9.413564178189006
TX_SOLAR_UPTON,2026-09-13 17:00:00+00:00,solar,ERCO,26,843.4342669186613,32.7,0.8,9.15484047108212,253.7111096011862,239.02975011361906,246.59941812075462,252.28036607256658,255.0,0.9670565416500181,53728.57860687154,56657.14050053014,-14.681359487567136,-7.111691480431574,-1.4307435286196153
TX_SOLAR_UPTON,2026-09-13 18:00:00+00:00,solar,ERCO,27,918.2862663510492,34.3,6.2,9.558730491865154,255.0,238.8795357107067,247.22424374197317,253.27549079887874,255.0,0.9695068382038163,56816.00319207985,57259.41412790936,-16.120464289293295,-7.775756258026831,-1.7245092011212648
TX_SOLAR_UPTON,2026-09-13 19:00:00+00:00,solar,ERCO,28,932.8810705247482,35.2,7.0,9.96262051264819,255.0,240.47505179810256,249.14058911933702,254.74526960132755,255.0,0.9770219181150471,55203.10436299737,55613.93108494456,-14.524948201897445,-5.859410880662978,-0.25473039867245006
TX_SOLAR_UPTON,2026-09-13 20:00:00+00:00,solar,ERCO,29,886.1372958382899,35.8,8.6,10.231880526503543,255.0,232.23056198889978,236.97261916843536,248.71516055020916,255.0,0.9293043888958249,51786.0446511163,52433.23926463335,-22.76943801110022,-18.027380831564642,-6.284839449790837
TX_SOLAR_UPTON,2026-09-13 21:00:00+00:00,solar,ERCO,30,779.2452451228776,36.0,19.5,9.96262051264819,233.1664449175869,209.61786482386862,209.61786482386862,228.19130568665406,255.0,0.8220308424465436,50990.04454020857,49286.99948337365,-23.54858009371827,-23.54858009371827,-4.975139230932825
TX_SOLAR_UPTON,2026-09-13 22:00:00+00:00,solar,ERCO,31,621.9543052063499,35.7,24.2,9.558730491865154,190.12254018417997,162.54209211400394,169.3187027697244,185.7631071289087,255.0,0.6639949128224487,48199.048663596266,45453.836584020086,-27.580448070176033,-20.803837414455558,-4.359433055271268
TX_SOLAR_UPTON,2026-09-13 23:00:00+00:00,solar,ERCO,32,290.53610234977407,35.0,78.1,9.15484047108212,87.62901670732847,79.24003458340229,89.41293323367745,102.16943021780655,255.0,0.3506389538575586,40563.33169864372,41163.60597744239,-8.388982123926183,1.7839165263489747,14.540413510478075
TX_SOLAR_UPTON,2026-09-14 00:00:00+00:00,solar,ERCO,33,157.9331320951141,33.6,71.1,9.96262051264819,47.74281492513516,43.241787062227154,47.87658215674662,62.69227769049202,255.0,0.18775130257547695,46676.40713792289,45561.91554485067,-4.501027862908003,0.13376723161146487,14.949462765356863
TX_SOLAR_UPTON,2026-09-14 01:00:00+00:00,solar,ERCO,34,0.0,32.0,75.0,10.501140540358902,0.0,0.0,0.0,0.0,255.0,0.0,43215.4213764858,41837.60086446017,0.0,0.0,0.0
TX_SOLAR_UPTON,2026-09-14 02:00:00+00:00,solar,ERCO,35,0.0,31.3,66.4,9.82799050572051,0.0,0.0,0.0,0.0,255.0,0.0,41815.95661243524,40797.62843935027,0.0,0.0,0.0
TX_SOLAR_UPTON,2026-09-14 03:00:00+00:00,solar,ERCO,36,0.0,30.6,12.5,9.693360498792831,0.0,0.0,0.0,0.0,255.0,0.0,40749.666511909934,39308.53617070162,0.0,0.0,0.0
TX_SOLAR_UPTON,2026-09-14 04:00:00+00:00,solar,ERCO,37,0.0,30.0,15.6,7.270020374094625,0.0,0.0,0.0,0.0,255.0,0.0,39235.77358174598,39777.68644238014,0.0,0.0,0.0
TX_SOLAR_UPTON,2026-09-14 05:00:00+00:00,solar,ERCO,38,0.0,29.5,7.8,8.077800415660693,0.0,0.0,0.0,0.0,255.0,0.0,41066.93727620274,40030.42068335877,0.0,0.0,0.0
TX_SOLAR_UPTON,2026-09-14 06:00:00+00:00,solar,ERCO,39,0.0,29.0,4.7,8.077800415660693,0.0,0.0,0.0,0.0,255.0,0.0,50634.24705335298,47283.86078290871,0.0,0.0,0.0
TX_SOLAR_UPTON,2026-09-14 07:00:00+00:00,solar,ERCO,40,0.0,28.6,1.6,9.020210464154442,0.0,0.0,0.0,0.0,255.0,0.0,52326.51699346398,50894.9294260268,0.0,0.0,0.0
TX_SOLAR_UPTON,2026-09-14 08:00:00+00:00,solar,ERCO,41,0.0,27.8,0.8,10.366510533431224,0.0,0.0,0.0,0.0,255.0,0.0,52421.37259539876,53583.944779758654,0.0,0.0,0.0
TX_SOLAR_UPTON,2026-09-14 09:00:00+00:00,solar,ERCO,42,0.0,26.9,0.8,11.174290574997295,0.0,0.0,0.0,0.0,255.0,0.0,55723.36989773722,54562.82209356663,0.0,0.0,0.0
TX_SOLAR_UPTON,2026-09-14 10:00:00+00:00,solar,ERCO,43,0.0,26.0,0.8,10.905030561141936,0.0,0.0,0.0,0.0,255.0,0.0,56337.50903030327,53953.657829475946,0.0,0.0,0.0
TX_SOLAR_UPTON,2026-09-14 11:00:00+00:00,solar,ERCO,44,0.0,25.4,0.0,10.77040055421426,0.0,0.0,0.0,0.0,255.0,0.0,55496.65168312971,54789.07705048464,0.0,0.0,0.0
TX_SOLAR_UPTON,2026-09-14 12:00:00+00:00,solar,ERCO,45,0.0,24.8,0.0,10.231880526503543,0.0,0.0,0.0,0.0,255.0,0.0,52729.15241592762,53789.835492595455,0.0,0.0,0.0
TX_SOLAR_UPTON,2026-09-14 13:00:00+00:00,solar,ERCO,46,93.75931473588564,24.4,0.0,10.097250519575868,26.054415627455832,6.784468598991726,6.784468598991726,27.905235011900707,255.0,0.02660575921173226,57072.994388290215,54148.54926438701,-19.269947028464106,-19.269947028464106,1.8508193844448755
TX_SOLAR_UPTON,2026-09-14 14:00:00+00:00,solar,ERCO,47,324.3794565400916,25.5,0.0,10.905030561141936,105.36616491496996,98.91053979995701,104.95205381391321,111.77355312761587,255.0,0.41157668162318906,54951.89947299963,57465.54869030254,-6.45562511501295,-0.4141111010567471,6.4073882126459125
TX_SOLAR_UPTON,2026-09-14 15:00:00+00:00,solar,ERCO,48,535.0134868461978,27.0,0.0,11.578180595780328,171.69409014401342,150.64107462160413,163.1819500827767,168.12095221950594,255.0,0.639929216010889,64271.97286631766,63159.117016244905,-21.053015522409282,-8.512140061236721,-3.5731379245074777
TX_SOLAR_UPTON,2026-09-14 16:00:00+00:00,solar,ERCO,49,711.2886664523836,28.9,0.0,11.44355058885265,222.13964417866237,192.0080562719636,193.68407813858232,214.44508772581133,255.0,0.7595454044650287,65155.95514333521,65192.86376412417,-30.13158790669877,-28.455566040080043,-7.694556452851032
TX_SOLAR_UPTON,2026-09-14 17:00:00+00:00,solar,ERCO,50,841.1744978838012,31.0,0.0,11.44355058885265,255.0,239.16427395911495,247.98184827981072,255.0,255.0,0.9724778363914146,62622.721351712426,65353.0611721962,-15.83572604088505,-7.01815172018928,0.0
TX_SOLAR_UPTON,2026-09-14 18:00:00+00:00,solar,ERCO,51,915.8030808385464,33.0,0.0,11.847440609635688,255.0,238.30571986245096,247.31778350221546,254.7704431864374,255.0,0.9698736607930019,69265.32826877986,66430.04486700827,-16.694280137549043,-7.6822164977845375,-0.2295568135625956
TX_SOLAR_UPTON,2026-09-14 19:00:00+00:00,solar,ERCO,52,929.0207589793828,34.4,14.8,11.578180595780328,255.0,239.73378604394992,249.21404875256079,255.0,255.0,0.9773099951080815,63355.28474141354,62593.14647261416,-15.26621395605008,-5.785951247439215,0.0
TX_SOLAR_UPTON,2026-09-14 20:00:00+00:00,solar,ERCO,53,880.0739160630592,35.0,20.3,11.039660568069614,255.0,231.48929623474714,236.73594747420273,249.53333080778887,255.0,0.9283762646047166,61082.26236790625,63682.94230259011,-23.510703765252856,-18.26405252579727,-5.466669192211128
TX_SOLAR_UPTON,2026-09-14 21:00:00+00:00,solar,ERCO,54,776.7299503500675,35.4,15.6,10.366510533431224,233.8051504407925,209.95138726759285,210.6602414347729,230.19206062422512,255.0,0.8261185938618545,57271.76728383304,56090.47427224168,-23.85376317319964,-23.14490900601959,-3.613089816567367
TX_SOLAR_UPTON,2026-09-14 22:00:00+00:00,solar,ERCO,55,570.121548006324,35.0,52.3,10.231880526503543,175.67897493102538,148.33265690603875,168.7434956170476,184.59733846478068,255.0,0.6617391984982259,53308.05729360578,54125.68063785028,-27.34631802498663,-6.9354793139777655,8.918363533755297
TX_SOLAR_UPTON,2026-09-14 23:00:00+00:00,solar,ERCO,56,410.1574942505125,34.4,40.6,10.231880526503543,128.8791252215516,116.32244280703596,128.15590308011792,141.1046431693139,255.0,0.5025721689416389,46401.43583900751,49712.14528535365,-12.556682414515635,-0.7232221414336664,12.225517947762313
TX_SOLAR_UPTON,2026-09-15 00:00:00+00:00,solar,ERCO,57,194.09895807262583,33.4,41.4,11.039660568069614,59.90192354051496,30.46007645648618,31.016350526855458,62.3039533481246,255.0,0.12163274716413905,43839.78508109074,44922.95291908273,-29.441847084028776,-28.8855730136595,2.402029807609644
TX_SOLAR_UPTON,2026-09-15 01:00:00+00:00,solar,ERCO,58,0.0,31.6,37.5,11.039660568069614,0.0,0.0,0.0,0.0,255.0,0.0,43241.07493870201,42845.85191846274,0.0,0.0,0.0
TX_SOLAR_UPTON,2026-09-15 02:00:00+00:00,solar,ERCO,59,0.0,30.8,38.3,9.82799050572051,0.0,0.0,0.0,0.0,255.0,0.0,42451.03823667616,41527.07733447143,0.0,0.0,0.0
TX_SOLAR_UPTON,2026-09-15 03:00:00+00:00,solar,ERCO,60,0.0,30.3,14.1,9.693360498792831,0.0,0.0,0.0,0.0,255.0,0.0,40189.1652444117,39957.61995988833,0.0,0.0,0.0
TX_SOLAR_UPTON,2026-09-15 04:00:00+00:00,solar,ERCO,61,0.0,29.9,5.5,10.097250519575868,0.0,0.0,0.0,0.0,255.0,0.0,40017.63282726426,39954.473778220265,0.0,0.0,0.0
TX_SOLAR_UPTON,2026-09-15 05:00:00+00:00,solar,ERCO,62,0.0,29.6,1.6,10.366510533431224,0.0,0.0,0.0,0.0,255.0,0.0,43244.91066224709,42545.059316622544,0.0,0.0,0.0
TX_SOLAR_UPTON,2026-09-15 06:00:00+00:00,solar,ERCO,63,0.0,29.2,1.6,10.63577054728658,0.0,0.0,0.0,0.0,255.0,0.0,46912.10005398126,47261.08362591291,0.0,0.0,0.0
TX_SOLAR_UPTON,2026-09-15 07:00:00+00:00,solar,ERCO,64,0.0,28.35,1.4666666666666668,10.52357887484685,0.0,0.0,0.0,0.0,255.0,0.0,54790.73693686848,52623.01542706126,0.0,0.0,0.0
TX_SOLAR_UPTON,2026-09-15 08:00:00+00:00,solar,ERCO,65,0.0,27.5,1.3333333333333337,10.411387202407116,0.0,0.0,0.0,0.0,255.0,0.0,55126.72193139019,54841.41180694344,0.0,0.0,0.0
TX_SOLAR_UPTON,2026-09-15 09:00:00+00:00,solar,ERCO,66,0.0,26.65,1.2000000000000002,10.299195529967385,0.0,0.0,0.0,0.0,255.0,0.0,56610.360714598864,56033.92547179353,0.0,0.0,0.0
TX_SOLAR_UPTON,2026-09-15 10:00:00+00:00,solar,ERCO,67,0.0,25.8,1.0666666666666669,10.187003857527657,0.0,0.0,0.0,0.0,255.0,0.0,55085.69486227143,54062.40359520256,0.0,0.0,0.0
TX_SOLAR_UPTON,2026-09-15 11:00:00+00:00,solar,ERCO,68,0.0,24.950000000000003,0.9333333333333336,10.074812185087922,0.0,0.0,0.0,0.0,255.0,0.0,53655.70233369807,55717.292838627145,0.0,0.0,0.0
TX_SOLAR_UPTON,2026-09-15 12:00:00+00:00,solar,ERCO,69,0.0,24.1,0.8,9.96262051264819,0.0,0.0,0.0,0.0,255.0,0.0,52688.75444409736,54029.93634860373,0.0,0.0,0.0
TX_SOLAR_UPTON,2026-09-15 13:00:00+00:00,solar,ERCO,70,91.56251781356475,24.1,0.8,9.96262051264819,26.212653751366357,6.942706722902251,6.942706722902251,27.551991248909122,255.0,0.027226300874126474,57361.18782925338,54448.19476331998,-19.269947028464106,-19.269947028464106,1.3393374975427648
TX_SOLAR_UPTON,2026-09-15 14:00:00+00:00,solar,ERCO,71,322.3192795294801,24.1,0.8,9.96262051264819,106.11959140934732,97.79412890080242,107.16445208265095,112.01549773509113,255.0,0.4202527532652979,58379.23088327951,57702.0509139708,-8.325462508544902,1.0448606733036314,5.895906325743809
